date,vacancy_rate
1951-01-01,3.73
1951-02-01,3.72
1951-03-01,4.09
1951-04-01,4.05
1951-05-01,4.09
1951-06-01,3.88
1951-07-01,3.85
1951-08-01,3.88
1951-09-01,4.01
1951-10-01,3.97
1951-11-01,3.92
1951-12-01,3.85
1952-01-01,4.09
1952-02-01,4.14
1952-03-01,4.01
1952-04-01,3.97
1952-05-01,3.88
1952-06-01,3.64
1952-07-01,3.48
1952-08-01,3.73
1952-09-01,4.16
1952-10-01,4.20
1952-11-01,4.36
1952-12-01,4.05
1953-01-01,4.18
1953-02-01,4.34
1953-03-01,4.44
1953-04-01,4.14
1953-05-01,4.12
1953-06-01,3.83
1953-07-01,3.53
1953-08-01,3.46
1953-09-01,3.38
1953-10-01,3.05
1953-11-01,2.75
1953-12-01,2.33
1954-01-01,2.37
1954-02-01,2.24
1954-03-01,2.16
1954-04-01,2.09
1954-05-01,2.05
1954-06-01,2.05
1954-07-01,2.02
1954-08-01,1.98
1954-09-01,1.92
1954-10-01,1.98
1954-11-01,2.14
1954-12-01,2.11
1955-01-01,2.38
1955-02-01,2.38
1955-03-01,2.64
1955-04-01,2.70
1955-05-01,2.88
1955-06-01,2.85
1955-07-01,3.07
1955-08-01,3.18
1955-09-01,3.14
1955-10-01,3.31
1955-11-01,3.36
1955-12-01,3.16
1956-01-01,3.53
1956-02-01,3.53
1956-03-01,3.27
1956-04-01,3.29
1956-05-01,3.33
1956-06-01,3.29
1956-07-01,3.14
1956-08-01,3.12
1956-09-01,3.12
1956-10-01,3.24
1956-11-01,3.20
1956-12-01,3.09
1957-01-01,3.29
1957-02-01,3.07
1957-03-01,3.05
1957-04-01,2.83
1957-05-01,2.88
1957-06-01,2.83
1957-07-01,2.83
1957-08-01,2.61
1957-09-01,2.51
1957-10-01,2.20
1957-11-01,2.07
1957-12-01,1.98
1958-01-01,1.98
1958-02-01,1.81
1958-03-01,1.72
1958-04-01,1.63
1958-05-01,1.66
1958-06-01,1.77
1958-07-01,1.85
1958-08-01,1.85
1958-09-01,1.77
1958-10-01,1.87
1958-11-01,2.00
1958-12-01,1.96
1959-01-01,2.14
1959-02-01,2.26
1959-03-01,2.40
1959-04-01,2.50
1959-05-01,2.61
1959-06-01,2.70
1959-07-01,2.70
1959-08-01,2.57
1959-09-01,2.51
1959-10-01,2.42
1959-11-01,2.53
1959-12-01,2.40
1960-01-01,3.07
1960-02-01,3.07
1960-03-01,2.96
1960-04-01,2.85
1960-05-01,2.81
1960-06-01,2.74
1960-07-01,2.64
1960-08-01,2.61
1960-09-01,2.50
1960-10-01,2.40
1960-11-01,2.35
1960-12-01,2.24
1961-01-01,2.24
1961-02-01,2.20
1961-03-01,2.24
1961-04-01,2.26
1961-05-01,2.35
1961-06-01,2.37
1961-07-01,2.44
1961-08-01,2.53
1961-09-01,2.59
1961-10-01,2.72
1961-11-01,2.81
1961-12-01,2.79
1962-01-01,2.92
1962-02-01,2.87
1962-03-01,2.87
1962-04-01,2.87
1962-05-01,2.96
1962-06-01,2.87
1962-07-01,2.87
1962-08-01,2.79
1962-09-01,2.74
1962-10-01,2.70
1962-11-01,2.70
1962-12-01,2.70
1963-01-01,2.74
1963-02-01,2.74
1963-03-01,2.77
1963-04-01,2.72
1963-05-01,2.66
1963-06-01,2.68
1963-07-01,2.75
1963-08-01,2.72
1963-09-01,2.70
1963-10-01,2.79
1963-11-01,2.74
1963-12-01,2.88
1964-01-01,2.88
1964-02-01,2.83
1964-03-01,2.87
1964-04-01,2.98
1964-05-01,2.98
1964-06-01,3.09
1964-07-01,3.18
1964-08-01,3.12
1964-09-01,3.16
1964-10-01,3.16
1964-11-01,3.31
1964-12-01,3.29
1965-01-01,3.33
1965-02-01,3.46
1965-03-01,3.49
1965-04-01,3.53
1965-05-01,3.66
1965-06-01,3.70
1965-07-01,3.70
1965-08-01,3.83
1965-09-01,3.97
1965-10-01,4.09
1965-11-01,4.36
1965-12-01,4.44
1966-01-01,4.47
1966-02-01,4.58
1966-03-01,4.84
1966-04-01,4.64
1966-05-01,4.68
1966-06-01,4.71
1966-07-01,4.71
1966-08-01,4.64
1966-09-01,4.55
1966-10-01,4.55
1966-11-01,4.53
1966-12-01,4.47
1967-01-01,4.51
1967-02-01,4.47
1967-03-01,4.36
1967-04-01,4.38
1967-05-01,4.34
1967-06-01,4.31
1967-07-01,4.22
1967-08-01,4.33
1967-09-01,4.27
1967-10-01,4.34
1967-11-01,4.31
1967-12-01,4.33
1968-01-01,4.47
1968-02-01,4.38
1968-03-01,4.47
1968-04-01,4.55
1968-05-01,4.53
1968-06-01,4.51
1968-07-01,4.64
1968-08-01,4.73
1968-09-01,4.83
1968-10-01,5.07
1968-11-01,5.05
1968-12-01,4.95
1969-01-01,5.16
1969-02-01,5.12
1969-03-01,5.16
1969-04-01,5.20
1969-05-01,5.21
1969-06-01,4.99
1969-07-01,4.95
1969-08-01,4.84
1969-09-01,5.12
1969-10-01,5.03
1969-11-01,4.92
1969-12-01,4.73
1970-01-01,4.51
1970-02-01,4.46
1970-03-01,4.20
1970-04-01,4.07
1970-05-01,3.83
1970-06-01,3.75
1970-07-01,3.61
1970-08-01,3.57
1970-09-01,3.53
1970-10-01,3.27
1970-11-01,3.25
1970-12-01,3.25
1971-01-01,3.12
1971-02-01,3.22
1971-03-01,3.22
1971-04-01,3.20
1971-05-01,3.24
1971-06-01,3.38
1971-07-01,3.31
1971-08-01,3.33
1971-09-01,3.29
1971-10-01,3.33
1971-11-01,3.38
1971-12-01,3.42
1972-01-01,3.57
1972-02-01,3.64
1972-03-01,3.70
1972-04-01,3.73
1972-05-01,3.79
1972-06-01,3.83
1972-07-01,3.90
1972-08-01,4.03
1972-09-01,4.09
1972-10-01,4.27
1972-11-01,4.34
1972-12-01,4.70
1973-01-01,4.84
1973-02-01,4.79
1973-03-01,4.81
1973-04-01,4.71
1973-05-01,4.77
1973-06-01,4.77
1973-07-01,4.84
1973-08-01,4.73
1973-09-01,4.68
1973-10-01,4.73
1973-11-01,4.68
1973-12-01,4.47
1974-01-01,4.46
1974-02-01,4.34
1974-03-01,4.36
1974-04-01,4.51
1974-05-01,4.44
1974-06-01,4.31
1974-07-01,4.14
1974-08-01,4.05
1974-09-01,3.86
1974-10-01,3.59
1974-11-01,3.31
1974-12-01,3.03
1975-01-01,2.85
1975-02-01,2.79
1975-03-01,2.70
1975-04-01,2.70
1975-05-01,2.68
1975-06-01,2.88
1975-07-01,2.92
1975-08-01,2.88
1975-09-01,2.96
1975-10-01,2.96
1975-11-01,3.07
1975-12-01,3.07
1976-01-01,3.12
1976-02-01,3.29
1976-03-01,3.31
1976-04-01,3.27
1976-05-01,3.35
1976-06-01,3.36
1976-07-01,3.31
1976-08-01,3.31
1976-09-01,3.29
1976-10-01,3.33
1976-11-01,3.38
1976-12-01,3.53
1977-01-01,3.64
1977-02-01,3.62
1977-03-01,3.72
1977-04-01,3.81
1977-05-01,3.90
1977-06-01,3.92
1977-07-01,4.03
1977-08-01,4.10
1977-09-01,4.09
1977-10-01,4.27
1977-11-01,4.38
1977-12-01,4.51
1978-01-01,4.53
1978-02-01,4.57
1978-03-01,4.70
1978-04-01,4.95
1978-05-01,4.90
1978-06-01,4.88
1978-07-01,4.88
1978-08-01,4.95
1978-09-01,5.01
1978-10-01,5.16
1978-11-01,5.10
1978-12-01,5.12
1979-01-01,5.07
1979-02-01,4.94
1979-03-01,4.97
1979-04-01,5.16
1979-05-01,5.12
1979-06-01,5.03
1979-07-01,4.97
1979-08-01,5.03
1979-09-01,5.14
1979-10-01,5.21
1979-11-01,4.88
1979-12-01,4.83
1980-01-01,4.70
1980-02-01,4.58
1980-03-01,4.53
1980-04-01,3.99
1980-05-01,3.66
1980-06-01,3.72
1980-07-01,3.72
1980-08-01,3.73
1980-09-01,3.90
1980-10-01,3.90
1980-11-01,4.07
1980-12-01,3.92
1981-01-01,3.81
1981-02-01,3.86
1981-03-01,3.85
1981-04-01,3.83
1981-05-01,3.77
1981-06-01,3.83
1981-07-01,3.79
1981-08-01,3.75
1981-09-01,3.57
1981-10-01,3.35
1981-11-01,3.33
1981-12-01,3.18
1982-01-01,3.16
1982-02-01,3.03
1982-03-01,2.94
1982-04-01,2.81
1982-05-01,2.77
1982-06-01,2.63
1982-07-01,2.50
1982-08-01,2.42
1982-09-01,2.29
1982-10-01,2.29
1982-11-01,2.29
1982-12-01,2.38
1983-01-01,2.42
1983-02-01,2.42
1983-03-01,2.50
1983-04-01,2.55
1983-05-01,2.77
1983-06-01,2.75
1983-07-01,2.92
1983-08-01,2.96
1983-09-01,3.01
1983-10-01,3.31
1983-11-01,3.31
1983-12-01,3.44
1984-01-01,3.53
1984-02-01,3.68
1984-03-01,3.68
1984-04-01,3.83
1984-05-01,3.86
1984-06-01,3.94
1984-07-01,3.99
1984-08-01,3.86
1984-09-01,3.96
1984-10-01,3.97
1984-11-01,3.92
1984-12-01,4.07
1985-01-01,3.96
1985-02-01,3.97
1985-03-01,4.07
1985-04-01,3.96
1985-05-01,4.05
1985-06-01,4.05
1985-07-01,4.01
1985-08-01,4.03
1985-09-01,4.09
1985-10-01,4.01
1985-11-01,4.09
1985-12-01,3.97
1986-01-01,3.96
1986-02-01,3.94
1986-03-01,3.90
1986-04-01,3.92
1986-05-01,3.85
1986-06-01,4.07
1986-07-01,3.90
1986-08-01,3.94
1986-09-01,3.97
1986-10-01,3.96
1986-11-01,4.12
1986-12-01,3.90
1987-01-01,3.85
1987-02-01,4.07
1987-03-01,4.23
1987-04-01,4.20
1987-05-01,4.29
1987-06-01,4.29
1987-07-01,4.29
1987-08-01,4.47
1987-09-01,4.46
1987-10-01,4.49
1987-11-01,4.55
1987-12-01,4.34
1988-01-01,4.23
1988-02-01,4.29
1988-03-01,4.40
1988-04-01,4.36
1988-05-01,4.46
1988-06-01,4.33
1988-07-01,4.40
1988-08-01,4.40
1988-09-01,4.22
1988-10-01,4.44
1988-11-01,4.29
1988-12-01,4.38
1989-01-01,4.23
1989-02-01,4.23
1989-03-01,4.12
1989-04-01,4.33
1989-05-01,4.14
1989-06-01,3.96
1989-07-01,4.03
1989-08-01,3.99
1989-09-01,3.97
1989-10-01,4.07
1989-11-01,3.90
1989-12-01,4.03
1990-01-01,3.94
1990-02-01,3.77
1990-03-01,3.75
1990-04-01,3.70
1990-05-01,3.61
1990-06-01,3.57
1990-07-01,3.57
1990-08-01,3.42
1990-09-01,3.29
1990-10-01,3.12
1990-11-01,2.90
1990-12-01,2.90
1991-01-01,2.70
1991-02-01,2.61
1991-03-01,2.55
1991-04-01,2.53
1991-05-01,2.53
1991-06-01,2.57
1991-07-01,2.48
1991-08-01,2.44
1991-09-01,2.46
1991-10-01,2.35
1991-11-01,2.38
1991-12-01,2.40
1992-01-01,2.27
1992-02-01,2.37
1992-03-01,2.48
1992-04-01,2.38
1992-05-01,2.46
1992-06-01,2.42
1992-07-01,2.40
1992-08-01,2.46
1992-09-01,2.38
1992-10-01,2.44
1992-11-01,2.51
1992-12-01,2.51
1993-01-01,2.46
1993-02-01,2.55
1993-03-01,2.53
1993-04-01,2.53
1993-05-01,2.63
1993-06-01,2.55
1993-07-01,2.64
1993-08-01,2.70
1993-09-01,2.64
1993-10-01,2.77
1993-11-01,2.79
1993-12-01,2.87
1994-01-01,2.95
1994-02-01,3.08
1994-03-01,3.12
1994-04-01,3.12
1994-05-01,3.24
1994-06-01,3.16
1994-07-01,3.33
1994-08-01,3.18
1994-09-01,3.22
1994-10-01,3.42
1994-11-01,3.37
1994-12-01,3.50
1995-01-01,3.37
1995-02-01,3.38
1995-03-01,3.30
1995-04-01,3.34
1995-05-01,3.11
1995-06-01,3.16
1995-07-01,3.32
1995-08-01,3.29
1995-09-01,3.29
1995-10-01,3.34
1995-11-01,3.22
1995-12-01,3.53
1996-01-01,3.32
1996-02-01,3.24
1996-03-01,3.33
1996-04-01,3.25
1996-05-01,3.12
1996-06-01,3.43
1996-07-01,3.21
1996-08-01,3.22
1996-09-01,3.39
1996-10-01,3.22
1996-11-01,3.49
1996-12-01,3.45
1997-01-01,3.41
1997-02-01,3.55
1997-03-01,3.51
1997-04-01,3.47
1997-05-01,3.27
1997-06-01,3.58
1997-07-01,3.45
1997-08-01,3.51
1997-09-01,3.69
1997-10-01,3.62
1997-11-01,3.85
1997-12-01,3.59
1998-01-01,3.74
1998-02-01,3.84
1998-03-01,3.81
1998-04-01,3.83
1998-05-01,3.84
1998-06-01,3.77
1998-07-01,3.78
1998-08-01,3.84
1998-09-01,3.66
1998-10-01,3.63
1998-11-01,3.83
1998-12-01,3.75
1999-01-01,3.99
1999-02-01,4.05
1999-03-01,3.90
1999-04-01,3.86
1999-05-01,3.93
1999-06-01,3.75
1999-07-01,3.82
1999-08-01,3.84
1999-09-01,3.71
1999-10-01,3.87
1999-11-01,3.84
1999-12-01,3.91
2000-01-01,4.06
2000-02-01,4.13
2000-03-01,4.06
2000-04-01,4.08
2000-05-01,3.82
2000-06-01,3.74
2000-07-01,3.83
2000-08-01,3.60
2000-09-01,3.72
2000-10-01,3.70
2000-11-01,3.56
2000-12-01,3.55
