"date","value","deseasonalized_value"
1990-01-01,5.1,4.94579447751323
1990-02-01,5.1,5.09787781084656
1990-03-01,4.7,4.85526868386243
1990-04-01,4.8,5.01425677910053
1990-05-01,4.9,4.95598296957672
1990-06-01,5.3,4.80848296957672
1990-07-01,5.4,4.9886185515873
1990-08-01,5.4,5.20748429232804
1990-09-01,5.5,5.42901207010582
1990-10-01,5,5.226697255291
1990-11-01,5.3,5.53827132936508
1990-12-01,5.1,5.53225281084656
1991-01-01,5.6,5.44579447751323
1991-02-01,5.5,5.49787781084656
1991-03-01,5.5,5.65526868386243
1991-04-01,5.3,5.51425677910053
1991-05-01,5.6,5.65598296957672
1991-06-01,6.2,5.70848296957672
1991-07-01,6.1,5.6886185515873
1991-08-01,6.1,5.90748429232804
1991-09-01,6.1,6.02901207010582
1991-10-01,6,6.226697255291
1991-11-01,6.1,6.33827132936508
1991-12-01,6,6.43225281084656
1992-01-01,7.2,7.04579447751323
1992-02-01,7.1,7.09787781084656
1992-03-01,7,7.15526868386243
1992-04-01,6.7,6.91425677910053
1992-05-01,7.3,7.35598296957672
1992-06-01,8.2,7.70848296957672
1992-07-01,7.8,7.3886185515873
1992-08-01,7.7,7.50748429232804
1992-09-01,7.7,7.62901207010582
1992-10-01,7.2,7.42669725529101
1992-11-01,7.5,7.73827132936508
1992-12-01,7.2,7.63225281084656
1993-01-01,8,7.84579447751323
1993-02-01,8,7.99787781084656
1993-03-01,7.5,7.65526868386243
1993-04-01,7.4,7.61425677910053
1993-05-01,7.4,7.45598296957672
1993-06-01,8.3,7.80848296957672
1993-07-01,8,7.5886185515873
1993-08-01,7.6,7.40748429232804
1993-09-01,7.6,7.52901207010582
1993-10-01,7.5,7.726697255291
1993-11-01,7.5,7.73827132936508
1993-12-01,6.7,7.13225281084656
1994-01-01,7.6,7.44579447751323
1994-02-01,7.5,7.49787781084656
1994-03-01,7.3,7.45526868386243
1994-04-01,7,7.21425677910053
1994-05-01,6.8,6.85598296957672
1994-06-01,7.5,7.00848296957672
1994-07-01,7.2,6.7886185515873
1994-08-01,6.9,6.70748429232804
1994-09-01,6.7,6.62901207010582
1994-10-01,6.3,6.526697255291
1994-11-01,6.1,6.33827132936508
1994-12-01,5.6,6.03225281084656
1995-01-01,6.4,6.24579447751323
1995-02-01,5.9,5.89787781084656
1995-03-01,5.7,5.85526868386243
1995-04-01,5.9,6.11425677910053
1995-05-01,5.9,5.95598296957672
1995-06-01,6.6,6.10848296957672
1995-07-01,6.6,6.1886185515873
1995-08-01,6.4,6.20748429232804
1995-09-01,6.3,6.22901207010582
1995-10-01,5.9,6.12669725529101
1995-11-01,5.8,6.03827132936508
1995-12-01,5.5,5.93225281084656
1996-01-01,6.3,6.14579447751323
1996-02-01,5.8,5.79787781084656
1996-03-01,5.7,5.85526868386243
1996-04-01,5.5,5.71425677910053
1996-05-01,5.6,5.65598296957672
1996-06-01,5.9,5.40848296957672
1996-07-01,5.9,5.4886185515873
1996-08-01,5.5,5.30748429232804
1996-09-01,5.4,5.32901207010582
1996-10-01,5.1,5.326697255291
1996-11-01,5.4,5.63827132936508
1996-12-01,5.2,5.63225281084656
1997-01-01,5.9,5.74579447751323
1997-02-01,5.9,5.89787781084656
1997-03-01,5.8,5.95526868386243
1997-04-01,5.2,5.41425677910053
1997-05-01,5.3,5.35598296957672
1997-06-01,6,5.50848296957672
1997-07-01,5.6,5.1886185515873
1997-08-01,5.3,5.10748429232804
1997-09-01,5.1,5.02901207010582
1997-10-01,4.7,4.92669725529101
1997-11-01,4.4,4.63827132936508
1997-12-01,4.2,4.63225281084656
1998-01-01,4.8,4.64579447751323
1998-02-01,4.5,4.49787781084656
1998-03-01,4.5,4.65526868386243
1998-04-01,3.9,4.11425677910053
1998-05-01,4.2,4.25598296957672
1998-06-01,5.1,4.60848296957672
1998-07-01,4.8,4.3886185515873
1998-08-01,4.6,4.40748429232804
1998-09-01,4.4,4.32901207010582
1998-10-01,4.1,4.326697255291
1998-11-01,3.9,4.13827132936508
1998-12-01,3.8,4.23225281084656
1999-01-01,4.4,4.24579447751323
1999-02-01,4.4,4.39787781084656
1999-03-01,4.2,4.35526868386243
1999-04-01,4.5,4.71425677910053
1999-05-01,4.7,4.75598296957672
1999-06-01,5.3,4.80848296957672
1999-07-01,5.3,4.8886185515873
1999-08-01,5.1,4.90748429232804
1999-09-01,5.2,5.12901207010582
1999-10-01,4.9,5.12669725529101
1999-11-01,4.7,4.93827132936508
1999-12-01,4.5,4.93225281084656
2000-01-01,4.9,4.74579447751323
2000-02-01,4.9,4.89787781084656
2000-03-01,4.7,4.85526868386243
2000-04-01,4.1,4.31425677910053
2000-05-01,4.3,4.35598296957672
2000-06-01,4.7,4.20848296957672
2000-07-01,4.6,4.1886185515873
2000-08-01,4.6,4.40748429232804
2000-09-01,4.3,4.22901207010582
2000-10-01,3.9,4.12669725529101
2000-11-01,3.8,4.03827132936508
2000-12-01,3.4,3.83225281084656
2001-01-01,4.1,3.94579447751323
2001-02-01,3.9,3.89787781084656
2001-03-01,4.1,4.25526868386243
2001-04-01,4.1,4.31425677910053
2001-05-01,4.2,4.25598296957672
2001-06-01,5.1,4.60848296957672
2001-07-01,4.9,4.4886185515873
2001-08-01,5.1,4.90748429232804
2001-09-01,5,4.92901207010582
2001-10-01,5.1,5.326697255291
2001-11-01,5.2,5.43827132936508
2001-12-01,5.3,5.73225281084656
2002-01-01,6.1,5.94579447751323
2002-02-01,5.9,5.89787781084656
2002-03-01,5.9,6.05526868386243
2002-04-01,5.9,6.11425677910053
2002-05-01,6,6.05598296957672
2002-06-01,6.6,6.10848296957672
2002-07-01,6.5,6.0886185515873
2002-08-01,6.3,6.10748429232804
2002-09-01,6.2,6.12901207010582
2002-10-01,6,6.226697255291
2002-11-01,6.3,6.53827132936508
2002-12-01,6.1,6.53225281084656
2003-01-01,6.9,6.74579447751323
2003-02-01,6.9,6.89787781084656
2003-03-01,6.7,6.85526868386243
2003-04-01,6.6,6.81425677910053
2003-05-01,6.9,6.95598296957672
2003-06-01,7.7,7.20848296957672
2003-07-01,7.3,6.8886185515873
2003-08-01,7.1,6.90748429232804
2003-09-01,6.9,6.82901207010582
2003-10-01,6.5,6.726697255291
2003-11-01,6.5,6.73827132936508
2003-12-01,6.1,6.53225281084656
2004-01-01,6.8,6.64579447751323
2004-02-01,6.5,6.49787781084656
2004-03-01,6.6,6.75526868386243
2004-04-01,6.1,6.31425677910053
2004-05-01,6.1,6.15598296957672
2004-06-01,6.7,6.20848296957672
2004-07-01,6.5,6.0886185515873
2004-08-01,6.1,5.90748429232804
2004-09-01,6,5.92901207010582
2004-10-01,5.9,6.12669725529101
2004-11-01,6,6.23827132936508
2004-12-01,5.8,6.23225281084656
2005-01-01,6.1,5.94579447751323
2005-02-01,6.1,6.09787781084656
2005-03-01,5.6,5.75526868386243
2005-04-01,5.3,5.51425677910053
2005-05-01,5.3,5.35598296957672
2005-06-01,5.6,5.10848296957672
2005-07-01,5.6,5.1886185515873
2005-08-01,5.4,5.20748429232804
2005-09-01,6.4,6.32901207010582
2005-10-01,5.9,6.12669725529101
2005-11-01,6.3,6.53827132936508
2005-12-01,5.7,6.13225281084656
2006-01-01,6,5.84579447751323
2006-02-01,5.9,5.89787781084656
2006-03-01,5.3,5.45526868386243
2006-04-01,5.1,5.31425677910053
2006-05-01,5.1,5.15598296957672
2006-06-01,5.5,5.00848296957672
2006-07-01,5.5,5.0886185515873
2006-08-01,5,4.80748429232804
2006-09-01,4.8,4.72901207010582
2006-10-01,4.5,4.726697255291
2006-11-01,4.5,4.73827132936508
2006-12-01,4.1,4.53225281084656
2007-01-01,4.8,4.64579447751323
2007-02-01,4.6,4.59787781084656
2007-03-01,4.2,4.35526868386243
2007-04-01,3.9,4.11425677910053
2007-05-01,4,4.05598296957672
2007-06-01,4.5,4.00848296957672
2007-07-01,4.6,4.1886185515873
2007-08-01,4.3,4.10748429232804
2007-09-01,4.4,4.32901207010582
2007-10-01,4,4.226697255291
2007-11-01,4.1,4.33827132936508
2007-12-01,4.2,4.63225281084656
2008-01-01,4.6,4.44579447751323
2008-02-01,4.2,4.19787781084656
2008-03-01,4.2,4.35526868386243
2008-04-01,3.8,4.01425677910053
2008-05-01,4.3,4.35598296957672
2008-06-01,4.8,4.30848296957672
2008-07-01,5,4.5886185515873
2008-08-01,5.1,4.90748429232804
2008-09-01,5.1,5.02901207010582
2008-10-01,5.1,5.326697255291
2008-11-01,5.2,5.43827132936508
2008-12-01,5.3,5.73225281084656
2009-01-01,6.2,6.04579447751323
2009-02-01,6.3,6.29787781084656
2009-03-01,6.3,6.45526868386243
2009-04-01,6,6.21425677910053
2009-05-01,7.3,7.35598296957672
2009-06-01,8.4,7.90848296957672
2009-07-01,8.7,8.2886185515873
2009-08-01,8.5,8.30748429232804
2009-09-01,8.6,8.52901207010582
2009-10-01,8.4,8.62669725529101
2009-11-01,8.2,8.43827132936508
2009-12-01,8.3,8.73225281084656
2010-01-01,8.8,8.64579447751323
2010-02-01,8.6,8.59787781084656
2010-03-01,8.6,8.75526868386243
2010-04-01,8.2,8.41425677910053
2010-05-01,8.1,8.15598296957672
2010-06-01,8.6,8.10848296957672
2010-07-01,8.6,8.1886185515873
2010-08-01,8.4,8.20748429232804
2010-09-01,8.2,8.12901207010582
2010-10-01,8.2,8.42669725529101
2010-11-01,8.4,8.63827132936508
2010-12-01,8.2,8.63225281084656
2011-01-01,8.7,8.54579447751323
2011-02-01,8.4,8.39787781084656
2011-03-01,8.2,8.35526868386243
2011-04-01,7.9,8.11425677910053
2011-05-01,8.1,8.15598296957672
2011-06-01,8.9,8.40848296957672
2011-07-01,8.8,8.3886185515873
2011-08-01,8.4,8.20748429232804
2011-09-01,8.3,8.22901207010582
2011-10-01,7.7,7.92669725529101
2011-11-01,7.2,7.43827132936508
2011-12-01,7,7.43225281084656
2012-01-01,7.3,7.14579447751323
2012-02-01,7.2,7.19787781084656
2012-03-01,6.6,6.75526868386243
2012-04-01,6.2,6.41425677910053
2012-05-01,6.6,6.65598296957672
2012-06-01,7.2,6.70848296957672
2012-07-01,7.1,6.6886185515873
2012-08-01,6.7,6.50748429232804
2012-09-01,6.3,6.22901207010582
2012-10-01,6.1,6.326697255291
2012-11-01,5.9,6.13827132936508
2012-12-01,6.1,6.53225281084656
2013-01-01,6.8,6.64579447751323
2013-02-01,6.4,6.39787781084656
2013-03-01,6.1,6.25526868386243
2013-04-01,5.8,6.01425677910053
2013-05-01,6.1,6.15598296957672
2013-06-01,6.6,6.10848296957672
2013-07-01,6.5,6.0886185515873
2013-08-01,6.2,6.00748429232804
2013-09-01,6.1,6.02901207010582
2013-10-01,5.8,6.026697255291
2013-11-01,5.6,5.83827132936508
2013-12-01,5.3,5.73225281084656
2014-01-01,5.6,5.44579447751323
2014-02-01,5.6,5.59787781084656
2014-03-01,5.3,5.45526868386243
2014-04-01,4.7,4.91425677910053
2014-05-01,5,5.05598296957672
2014-06-01,5.4,4.90848296957672
2014-07-01,5.5,5.0886185515873
2014-08-01,5.3,5.10748429232804
2014-09-01,4.9,4.82901207010582
2014-10-01,4.6,4.826697255291
2014-11-01,4.5,4.73827132936508
2014-12-01,4.2,4.63225281084656
2015-01-01,4.7,4.54579447751323
2015-02-01,4.6,4.59787781084656
2015-03-01,4.4,4.55526868386243
2015-04-01,4.1,4.31425677910053
2015-05-01,4.4,4.45598296957672
2015-06-01,4.8,4.30848296957672
2015-07-01,5,4.5886185515873
2015-08-01,4.9,4.70748429232804
2015-09-01,4.8,4.72901207010582
2015-10-01,4.8,5.026697255291
2015-11-01,4.9,5.13827132936508
2015-12-01,4.6,5.03225281084656
2016-01-01,4.9,4.74579447751323
2016-02-01,4.9,4.89787781084656
2016-03-01,5,5.15526868386243
2016-04-01,4.8,5.01425677910053
2016-05-01,4.8,4.85598296957672
2016-06-01,5.6,5.10848296957672
2016-07-01,5.7,5.2886185515873
2016-08-01,5.7,5.50748429232804
2016-09-01,5.7,5.62901207010582
2016-10-01,5.3,5.526697255291
2016-11-01,5.2,5.43827132936508
2016-12-01,5.4,5.83225281084656
2017-01-01,5.9,5.74579447751323
2017-02-01,5.8,5.79787781084656
2017-03-01,5.3,5.45526868386243
2017-04-01,4.9,5.11425677910053
2017-05-01,4.8,4.85598296957672
2017-06-01,5.2,4.70848296957672
2017-07-01,5,4.5886185515873
2017-08-01,5.1,4.90748429232804
2017-09-01,4.9,4.82901207010582
2017-10-01,4.4,4.62669725529101
2017-11-01,4.6,4.83827132936508
2017-12-01,4.5,4.93225281084656
2018-01-01,5,4.84579447751323
2018-02-01,4.9,4.89787781084656
2018-03-01,4.6,4.75526868386243
2018-04-01,4.2,4.41425677910053
2018-05-01,4.1,4.15598296957672
2018-06-01,4.7,4.20848296957672
2018-07-01,4.6,4.1886185515873
2018-08-01,4.4,4.20748429232804
2018-09-01,4.2,4.12901207010582
2018-10-01,3.9,4.12669725529101
2018-11-01,3.9,4.13827132936508
2018-12-01,4,4.43225281084656
2019-01-01,4.5,4.34579447751323
2019-02-01,4.1,4.09787781084656
2019-03-01,3.7,3.85526868386243
2019-04-01,3.3,3.51425677910053
2019-05-01,3.4,3.45598296957672
2019-06-01,4,3.50848296957672
2019-07-01,4.1,3.6886185515873
2019-08-01,4,3.80748429232804
2019-09-01,3.7,3.62901207010582
2019-10-01,3.6,3.82669725529101
2019-11-01,3.6,3.83827132936508
2019-12-01,3.5,3.93225281084656
2020-01-01,4,3.84579447751323
2020-02-01,3.8,3.79787781084656
2020-03-01,5.9,6.05526868386243
2020-04-01,13.8,14.0142567791005
2020-05-01,13.4,13.4559829695767
2020-06-01,12,11.5084829695767
2020-07-01,11.5,11.0886185515873
2020-08-01,9.5,9.30748429232804
2020-09-01,9.3,9.22901207010582
2020-10-01,7.8,8.026697255291
2020-11-01,7.7,7.93827132936508
2020-12-01,7.6,8.03225281084656
2021-01-01,7.9,7.74579447751323
2021-02-01,7.6,7.59787781084656
2021-03-01,7.2,7.35526868386243
2021-04-01,6.7,6.91425677910053
2021-05-01,6.4,6.45598296957672
2021-06-01,7,6.50848296957672
2021-07-01,6.6,6.1886185515873
2021-08-01,6.2,6.00748429232804
2021-09-01,5.5,5.42901207010582
2021-10-01,5.2,5.42669725529101
2021-11-01,4.8,5.03827132936508
2021-12-01,4.4,4.83225281084656
2022-01-01,5.1,4.94579447751323
2022-02-01,4.7,4.69787781084656
2022-03-01,4.1,4.25526868386243
2022-04-01,3.8,4.01425677910053
2022-05-01,3.9,3.95598296957672
2022-06-01,4.5,4.00848296957672
2022-07-01,4.4,3.9886185515873
2022-08-01,4.4,4.20748429232804
2022-09-01,4.1,4.02901207010582
2022-10-01,4,4.226697255291
2022-11-01,4.1,4.33827132936508
2022-12-01,3.9,4.33225281084656
2023-01-01,4.6,4.44579447751323
2023-02-01,4.6,4.59787781084656
2023-03-01,4.3,4.45526868386243
2023-04-01,3.8,4.01425677910053
2023-05-01,4.2,4.25598296957672
2023-06-01,4.5,4.00848296957672
2023-07-01,4.5,4.0886185515873
2023-08-01,4.6,4.40748429232804
2023-09-01,4.3,4.22901207010582
2023-10-01,4.1,4.326697255291
2023-11-01,4,4.23827132936508
2023-12-01,4,4.43225281084656
2024-01-01,4.5,4.34579447751323
2024-02-01,4.5,4.49787781084656
2024-03-01,4.2,4.35526868386243
2024-04-01,3.9,4.11425677910053
2024-05-01,4.1,4.15598296957672
2024-06-01,4.8,4.30848296957672
2024-07-01,5.2,4.7886185515873
2024-08-01,5,4.80748429232804
2024-09-01,4.6,4.52901207010582
2024-10-01,4.5,4.726697255291
2024-11-01,4.5,4.73827132936508
2024-12-01,4.2,4.63225281084656
2025-01-01,4.5,4.34579447751323
2025-02-01,4.6,4.59787781084656
2025-03-01,4.3,4.45526868386243
2025-04-01,4.1,4.31425677910053
2025-05-01,4.3,4.35598296957672
2025-06-01,4.6,4.10848296957672
2025-07-01,4.8,4.3886185515873
2025-08-01,5,4.80748429232804
2025-09-01,4.9,4.82901207010582
2025-10-01,4.75,4.976697255291
2025-11-01,4.6,4.83827132936508
2025-12-01,4.3,4.73225281084656
2026-01-01,4.9,4.74579447751323
2026-02-01,4.8,4.79787781084656
2026-03-01,4.4,4.55526868386243
2026-04-01,4.3,4.51425677910053
2026-05-01,4.6,4.65598296957672
2026-06-01,5.2,4.70848296957672
2026-07-01,5.2,4.7886185515873
2026-08-01,5,4.80748429232804
