county_id,date,unemployment_rate,sahm_value
01001,1990-01-01,6.5,NaN
01001,1990-02-01,6.4,NaN
01001,1990-03-01,5.6,NaN
01001,1990-04-01,6.6,NaN
01001,1990-05-01,6.1,NaN
01001,1990-06-01,7.2,NaN
01001,1990-07-01,6,NaN
01001,1990-08-01,6.8,NaN
01001,1990-09-01,7.3,NaN
01001,1990-10-01,7.3,NaN
01001,1990-11-01,6.3,NaN
01001,1990-12-01,6.3,NaN
01001,1991-01-01,6.5,NaN
01001,1991-02-01,7.3,NaN
01001,1991-03-01,6.9,0.80
01001,1991-04-01,6.5,0.80
01001,1991-05-01,6.4,0.50
01001,1991-06-01,7.6,0.47
01001,1991-07-01,6.6,0.50
01001,1991-08-01,7.2,0.77
01001,1991-09-01,6.9,0.53
01001,1991-10-01,6.3,0.43
01001,1991-11-01,6.1,0.07
01001,1991-12-01,6.1,0.00
01001,1992-01-01,6.8,0.17
01001,1992-02-01,6.8,0.40
01001,1992-03-01,6.3,0.47
01001,1992-04-01,5.6,0.07
01001,1992-05-01,5.9,0.00
01001,1992-06-01,7.1,0.27
01001,1992-07-01,6.5,0.57
01001,1992-08-01,6.8,0.87
01001,1992-09-01,6.7,0.73
01001,1992-10-01,6.5,0.73
01001,1992-11-01,6.8,0.73
01001,1992-12-01,6.1,0.53
01001,1993-01-01,6.3,0.47
01001,1993-02-01,6.4,0.33
01001,1993-03-01,6.2,0.37
01001,1993-04-01,6.2,0.33
01001,1993-05-01,6.4,0.33
01001,1993-06-01,6.9,0.30
01001,1993-07-01,6,0.17
01001,1993-08-01,5.6,0.00
01001,1993-09-01,5.6,0.00
01001,1993-10-01,5.6,0.00
01001,1993-11-01,5.2,0.00
01001,1993-12-01,4.8,0.00
01001,1994-01-01,5,0.00
01001,1994-02-01,5.4,0.07
01001,1994-03-01,5.3,0.23
01001,1994-04-01,4.5,0.07
01001,1994-05-01,4.1,0.00
01001,1994-06-01,5.6,0.10
01001,1994-07-01,5.4,0.40
01001,1994-08-01,5.4,0.83
01001,1994-09-01,5.1,0.67
01001,1994-10-01,5.1,0.57
01001,1994-11-01,5,0.43
01001,1994-12-01,4.2,0.13
01001,1995-01-01,5.8,0.37
01001,1995-02-01,6.2,0.77
01001,1995-03-01,5.6,1.23
01001,1995-04-01,6.1,1.33
01001,1995-05-01,6.1,1.30
01001,1995-06-01,6.3,1.43
01001,1995-07-01,6.8,1.63
01001,1995-08-01,5.5,1.43
01001,1995-09-01,5.5,1.17
01001,1995-10-01,4.9,0.53
01001,1995-11-01,4.6,0.23
01001,1995-12-01,4.4,0.00
01001,1996-01-01,4.5,0.00
01001,1996-02-01,4.7,0.03
01001,1996-03-01,4.1,0.00
01001,1996-04-01,3.9,0.00
01001,1996-05-01,3.7,0.00
01001,1996-06-01,3.9,0.00
01001,1996-07-01,3.5,0.00
01001,1996-08-01,3.8,0.03
01001,1996-09-01,3.8,0.00
01001,1996-10-01,3.9,0.13
01001,1996-11-01,3.5,0.03
01001,1996-12-01,3.5,0.00
01001,1997-01-01,4.1,0.07
01001,1997-02-01,4.4,0.37
01001,1997-03-01,4.1,0.57
01001,1997-04-01,3.8,0.47
01001,1997-05-01,3.8,0.27
01001,1997-06-01,4.7,0.47
01001,1997-07-01,4.1,0.57
01001,1997-08-01,4.4,0.77
01001,1997-09-01,4,0.53
01001,1997-10-01,3.5,0.33
01001,1997-11-01,2.9,0.00
01001,1997-12-01,2.8,0.00
01001,1998-01-01,3.2,0.00
01001,1998-02-01,3.1,0.07
01001,1998-03-01,2.8,0.07
01001,1998-04-01,2.3,0.00
01001,1998-05-01,2.5,0.00
01001,1998-06-01,3.3,0.17
01001,1998-07-01,3.2,0.47
01001,1998-08-01,3.4,0.77
01001,1998-09-01,3.7,0.90
01001,1998-10-01,3.6,1.03
01001,1998-11-01,3.5,1.07
01001,1998-12-01,3.8,1.10
01001,1999-01-01,4,1.23
01001,1999-02-01,3.7,1.30
01001,1999-03-01,3.5,1.20
01001,1999-04-01,3.5,1.03
01001,1999-05-01,3.2,0.87
01001,1999-06-01,4.1,0.90
01001,1999-07-01,4.2,0.83
01001,1999-08-01,4.5,0.97
01001,1999-09-01,4.2,0.90
01001,1999-10-01,3.8,0.77
01001,1999-11-01,3.5,0.43
01001,1999-12-01,3.4,0.17
01001,2000-01-01,4.4,0.37
01001,2000-02-01,4.5,0.70
01001,2000-03-01,4,0.90
01001,2000-04-01,3.4,0.57
01001,2000-05-01,3.7,0.30
01001,2000-06-01,4.3,0.23
01001,2000-07-01,4.1,0.47
01001,2000-08-01,6,1.23
01001,2000-09-01,3.9,1.10
01001,2000-10-01,3.7,0.97
01001,2000-11-01,3.7,0.20
01001,2000-12-01,3.3,0.00
01001,2001-01-01,3.8,0.03
01001,2001-02-01,3.7,0.03
01001,2001-03-01,3.7,0.17
01001,2001-04-01,3.3,0.00
01001,2001-05-01,3.1,0.00
01001,2001-06-01,4.1,0.13
01001,2001-07-01,4.2,0.43
01001,2001-08-01,4.7,0.97
01001,2001-09-01,4.4,1.07
01001,2001-10-01,4.4,1.13
01001,2001-11-01,4.8,1.17
01001,2001-12-01,4.8,1.30
01001,2002-01-01,5,1.50
01001,2002-02-01,5.1,1.60
01001,2002-03-01,4.6,1.53
01001,2002-04-01,4,1.20
01001,2002-05-01,4,0.83
01001,2002-06-01,4.9,0.80
01001,2002-07-01,4.6,0.70
01001,2002-08-01,5.2,0.70
01001,2002-09-01,4.8,0.67
01001,2002-10-01,5,0.80
01001,2002-11-01,5.2,0.80
01001,2002-12-01,5,0.87
01001,2003-01-01,5.3,0.97
01001,2003-02-01,5.1,0.93
01001,2003-03-01,4.7,0.83
01001,2003-04-01,4.3,0.50
01001,2003-05-01,4.5,0.30
01001,2003-06-01,5.6,0.50
01001,2003-07-01,5.1,0.57
01001,2003-08-01,5.4,0.87
01001,2003-09-01,5.1,0.70
01001,2003-10-01,5.1,0.70
01001,2003-11-01,5,0.57
01001,2003-12-01,4.6,0.40
01001,2004-01-01,5.1,0.40
01001,2004-02-01,5,0.40
01001,2004-03-01,5,0.53
01001,2004-04-01,4.4,0.30
01001,2004-05-01,4.3,0.07
01001,2004-06-01,5.2,0.07
01001,2004-07-01,4.9,0.23
01001,2004-08-01,5,0.47
01001,2004-09-01,4.6,0.27
01001,2004-10-01,4.5,0.13
01001,2004-11-01,4.4,0.00
01001,2004-12-01,4.1,0.00
01001,2005-01-01,4.6,0.03
01001,2005-02-01,4.7,0.13
01001,2005-03-01,4,0.10
01001,2005-04-01,3.5,0.00
01001,2005-05-01,3.3,0.00
01001,2005-06-01,4.1,0.03
01001,2005-07-01,3.7,0.10
01001,2005-08-01,3.8,0.27
01001,2005-09-01,3.4,0.03
01001,2005-10-01,3.5,0.00
01001,2005-11-01,3.4,0.00
01001,2005-12-01,3.4,0.00
01001,2006-01-01,4,0.17
01001,2006-02-01,3.8,0.30
01001,2006-03-01,3.3,0.27
01001,2006-04-01,2.8,0.00
01001,2006-05-01,2.7,0.00
01001,2006-06-01,3.5,0.07
01001,2006-07-01,3.7,0.37
01001,2006-08-01,3.5,0.63
01001,2006-09-01,3.1,0.50
01001,2006-10-01,3.1,0.30
01001,2006-11-01,3.1,0.17
01001,2006-12-01,3,0.13
01001,2007-01-01,3.6,0.30
01001,2007-02-01,3.5,0.43
01001,2007-03-01,3.1,0.47
01001,2007-04-01,2.7,0.17
01001,2007-05-01,2.7,0.00
01001,2007-06-01,3.5,0.13
01001,2007-07-01,3.4,0.37
01001,2007-08-01,3.7,0.70
01001,2007-09-01,3.5,0.70
01001,2007-10-01,3.3,0.67
01001,2007-11-01,3.6,0.63
01001,2007-12-01,3.9,0.77
01001,2008-01-01,4.5,1.17
01001,2008-02-01,4.3,1.40
01001,2008-03-01,4.4,1.57
01001,2008-04-01,4,1.40
01001,2008-05-01,4.7,1.53
01001,2008-06-01,5.6,1.80
01001,2008-07-01,5.6,2.10
01001,2008-08-01,6,2.27
01001,2008-09-01,5.9,2.37
01001,2008-10-01,6.2,2.57
01001,2008-11-01,6.3,2.67
01001,2008-12-01,6.8,2.83
01001,2009-01-01,7.6,2.90
01001,2009-02-01,8.2,3.30
01001,2009-03-01,8,3.70
01001,2009-04-01,7.5,3.67
01001,2009-05-01,7.8,3.40
01001,2009-06-01,8.6,3.20
01001,2009-07-01,8.8,3.10
01001,2009-08-01,9.1,3.10
01001,2009-09-01,9.5,3.30
01001,2009-10-01,9.2,3.23
01001,2009-11-01,9.3,3.20
01001,2009-12-01,9.5,2.90
01001,2010-01-01,10,2.70
01001,2010-02-01,9.4,2.10
01001,2010-03-01,9,1.70
01001,2010-04-01,8.3,1.13
01001,2010-05-01,8.1,0.70
01001,2010-06-01,8.5,0.33
01001,2010-07-01,8.6,0.10
01001,2010-08-01,8.9,0.37
01001,2010-09-01,8.8,0.47
01001,2010-10-01,8.6,0.47
01001,2010-11-01,8.7,0.40
01001,2010-12-01,8.7,0.37
01001,2011-01-01,9,0.50
01001,2011-02-01,9,0.60
01001,2011-03-01,8.6,0.57
01001,2011-04-01,8.1,0.27
01001,2011-05-01,8.1,0.00
01001,2011-06-01,9.1,0.17
01001,2011-07-01,8.5,0.30
01001,2011-08-01,8.5,0.43
01001,2011-09-01,8.3,0.17
01001,2011-10-01,7.9,0.00
01001,2011-11-01,7.4,0.00
01001,2011-12-01,7.4,0.00
01001,2012-01-01,7.9,0.00
01001,2012-02-01,7.7,0.10
01001,2012-03-01,7.3,0.07
01001,2012-04-01,6.7,0.00
01001,2012-05-01,6.8,0.00
01001,2012-06-01,7.7,0.13
01001,2012-07-01,7.4,0.37
01001,2012-08-01,7.5,0.60
01001,2012-09-01,6.8,0.30
01001,2012-10-01,6.7,0.07
01001,2012-11-01,6.4,0.00
01001,2012-12-01,6.5,0.00
01001,2013-01-01,7.2,0.17
01001,2013-02-01,6.9,0.33
01001,2013-03-01,6.3,0.27
01001,2013-04-01,5.7,0.00
01001,2013-05-01,5.8,0.00
01001,2013-06-01,6.7,0.13
01001,2013-07-01,6.4,0.37
01001,2013-08-01,6.5,0.60
01001,2013-09-01,6.3,0.47
01001,2013-10-01,6.4,0.47
01001,2013-11-01,5.9,0.27
01001,2013-12-01,6,0.17
01001,2014-01-01,6.4,0.17
01001,2014-02-01,6.5,0.37
01001,2014-03-01,6.3,0.47
01001,2014-04-01,5.5,0.17
01001,2014-05-01,5.5,0.00
01001,2014-06-01,6,0.00
01001,2014-07-01,6.3,0.27
01001,2014-08-01,6.1,0.47
01001,2014-09-01,5.6,0.33
01001,2014-10-01,5.4,0.03
01001,2014-11-01,5.2,0.00
01001,2014-12-01,4.9,0.00
01001,2015-01-01,5.7,0.10
01001,2015-02-01,5.4,0.17
01001,2015-03-01,5.1,0.23
01001,2015-04-01,4.7,0.00
01001,2015-05-01,5.1,0.00
01001,2015-06-01,5.5,0.13
01001,2015-07-01,5.7,0.47
01001,2015-08-01,5.4,0.57
01001,2015-09-01,5.1,0.43
01001,2015-10-01,5,0.20
01001,2015-11-01,5,0.07
01001,2015-12-01,4.9,0.00
01001,2016-01-01,5.4,0.13
01001,2016-02-01,5.4,0.27
01001,2016-03-01,5.2,0.37
01001,2016-04-01,4.7,0.13
01001,2016-05-01,4.6,0.00
01001,2016-06-01,5.4,0.07
01001,2016-07-01,5.3,0.27
01001,2016-08-01,5.3,0.50
01001,2016-09-01,5.2,0.43
01001,2016-10-01,5.2,0.40
01001,2016-11-01,4.7,0.20
01001,2016-12-01,4.6,0.00
01001,2017-01-01,5.1,0.00
01001,2017-02-01,4.9,0.07
01001,2017-03-01,4.3,0.00
01001,2017-04-01,3.7,0.00
01001,2017-05-01,3.6,0.00
01001,2017-06-01,4.3,0.00
01001,2017-07-01,4.2,0.17
01001,2017-08-01,4.1,0.33
01001,2017-09-01,3.5,0.07
01001,2017-10-01,3.5,0.00
01001,2017-11-01,3.4,0.00
01001,2017-12-01,3.4,0.00
01001,2018-01-01,4,0.17
01001,2018-02-01,4,0.37
01001,2018-03-01,3.7,0.47
01001,2018-04-01,3.3,0.23
01001,2018-05-01,3.2,0.00
01001,2018-06-01,4.1,0.13
01001,2018-07-01,3.8,0.30
01001,2018-08-01,3.9,0.53
01001,2018-09-01,3.5,0.33
01001,2018-10-01,3.5,0.23
01001,2018-11-01,3.3,0.03
01001,2018-12-01,3.4,0.00
01001,2019-01-01,3.9,0.13
01001,2019-02-01,3.4,0.17
01001,2019-03-01,3.2,0.10
01001,2019-04-01,2.5,0.00
01001,2019-05-01,2.5,0.00
01001,2019-06-01,3.1,0.00
01001,2019-07-01,3,0.17
01001,2019-08-01,3,0.33
01001,2019-09-01,2.6,0.17
01001,2019-10-01,2.6,0.03
01001,2019-11-01,2.6,0.00
01001,2019-12-01,2.6,0.00
01001,2020-01-01,3.3,0.23
01001,2020-02-01,3.2,0.43
01001,2020-03-01,3.4,0.70
01001,2020-04-01,11.1,3.30
01001,2020-05-01,8.5,5.07
01001,2020-06-01,7.2,6.33
01001,2020-07-01,6.3,4.73
01001,2020-08-01,5,3.57
01001,2020-09-01,4.7,2.73
01001,2020-10-01,3.8,1.90
01001,2020-11-01,3.7,1.47
01001,2020-12-01,3.5,1.07
01001,2021-01-01,3.7,0.80
01001,2021-02-01,3.4,0.50
01001,2021-03-01,3,0.07
01001,2021-04-01,2.6,0.00
01001,2021-05-01,2.5,0.00
01001,2021-06-01,3.3,0.10
01001,2021-07-01,3,0.23
01001,2021-08-01,2.9,0.37
01001,2021-09-01,2.4,0.07
01001,2021-10-01,2.2,0.00
01001,2021-11-01,2,0.00
01001,2021-12-01,2,0.00
01001,2022-01-01,2.6,0.13
01001,2022-02-01,2.4,0.27
01001,2022-03-01,2.1,0.30
01001,2022-04-01,1.7,0.00
01001,2022-05-01,1.9,0.00
01001,2022-06-01,2.7,0.20
01001,2022-07-01,2.5,0.47
01001,2022-08-01,2.5,0.67
01001,2022-09-01,2.1,0.47
01001,2022-10-01,2.1,0.33
01001,2022-11-01,1.9,0.13
01001,2022-12-01,1.8,0.03
01001,2023-01-01,2.3,0.10
01001,2023-02-01,2.2,0.20
01001,2023-03-01,1.9,0.23
01001,2023-04-01,1.6,0.00
01001,2023-05-01,1.8,0.00
01001,2023-06-01,2.4,0.17
01001,2023-07-01,2.3,0.40
01001,2023-08-01,2.4,0.60
01001,2023-09-01,2.3,0.57
01001,2023-10-01,2.2,0.53
01001,2023-11-01,2.1,0.43
01001,2023-12-01,2.1,0.37
01001,2024-01-01,2.6,0.50
01001,2024-02-01,2.7,0.70
01001,2024-03-01,2.4,0.80
01001,2024-04-01,2,0.60
01001,2024-05-01,2.1,0.40
01001,2024-06-01,2.9,0.40
01001,2024-07-01,3,0.53
01001,2024-08-01,3.1,0.87
01001,2024-09-01,2.8,0.83
01001,2024-10-01,2.8,0.77
01001,2024-11-01,2.9,0.70
01001,2024-12-01,2.8,0.70
01001,2025-01-01,3,0.73
01001,2025-02-01,3,0.77
01001,2025-03-01,2.9,0.80
01001,2025-04-01,2.3,0.57
01001,2025-05-01,2.4,0.37
01001,2025-06-01,2.6,0.10
01001,2025-07-01,2.4,0.03
01001,2025-08-01,2.2,0.00
01003,1990-01-01,6.4,NaN
01003,1990-02-01,6,NaN
01003,1990-03-01,5.2,NaN
01003,1990-04-01,4.9,NaN
01003,1990-05-01,4.3,NaN
01003,1990-06-01,4.8,NaN
01003,1990-07-01,4.9,NaN
01003,1990-08-01,4.9,NaN
01003,1990-09-01,5.4,NaN
01003,1990-10-01,4.9,NaN
01003,1990-11-01,5.4,NaN
01003,1990-12-01,6,NaN
01003,1991-01-01,5.9,NaN
01003,1991-02-01,5.9,NaN
01003,1991-03-01,5.1,0.97
01003,1991-04-01,4.9,0.63
01003,1991-05-01,4.8,0.27
01003,1991-06-01,5.5,0.40
01003,1991-07-01,5.8,0.70
01003,1991-08-01,5.3,0.67
01003,1991-09-01,5.3,0.53
01003,1991-10-01,5.2,0.33
01003,1991-11-01,5.5,0.40
01003,1991-12-01,6,0.63
01003,1992-01-01,6.8,1.17
01003,1992-02-01,6.9,1.63
01003,1992-03-01,6.4,1.77
01003,1992-04-01,6,1.50
01003,1992-05-01,6.3,1.30
01003,1992-06-01,6.3,1.13
01003,1992-07-01,6.6,1.13
01003,1992-08-01,5.9,1.00
01003,1992-09-01,5.8,0.83
01003,1992-10-01,5.9,0.60
01003,1992-11-01,6,0.57
01003,1992-12-01,6.1,0.43
01003,1993-01-01,6.5,0.33
01003,1993-02-01,6.6,0.53
01003,1993-03-01,5.4,0.30
01003,1993-04-01,5.1,0.00
01003,1993-05-01,5.6,0.00
01003,1993-06-01,6.5,0.37
01003,1993-07-01,6.1,0.70
01003,1993-08-01,6.3,0.93
01003,1993-09-01,6.3,0.87
01003,1993-10-01,5.9,0.80
01003,1993-11-01,5.5,0.53
01003,1993-12-01,5.4,0.23
01003,1994-01-01,6.2,0.33
01003,1994-02-01,5.5,0.33
01003,1994-03-01,4.6,0.07
01003,1994-04-01,4.2,0.00
01003,1994-05-01,4,0.00
01003,1994-06-01,5,0.13
01003,1994-07-01,4.9,0.37
01003,1994-08-01,4.6,0.57
01003,1994-09-01,4.8,0.50
01003,1994-10-01,4.9,0.50
01003,1994-11-01,4.9,0.60
01003,1994-12-01,4.6,0.53
01003,1995-01-01,5.9,0.87
01003,1995-02-01,5.4,1.03
01003,1995-03-01,4.8,1.10
01003,1995-04-01,4.4,0.60
01003,1995-05-01,4.3,0.23
01003,1995-06-01,5.1,0.20
01003,1995-07-01,4.2,0.03
01003,1995-08-01,4.8,0.20
01003,1995-09-01,5,0.17
01003,1995-10-01,4.5,0.27
01003,1995-11-01,4.5,0.17
01003,1995-12-01,4.1,0.00
01003,1996-01-01,6.1,0.53
01003,1996-02-01,6,1.03
01003,1996-03-01,5.4,1.47
01003,1996-04-01,4.7,1.00
01003,1996-05-01,4.6,0.53
01003,1996-06-01,4.9,0.37
01003,1996-07-01,3.8,0.07
01003,1996-08-01,3.5,0.00
01003,1996-09-01,3.7,0.00
01003,1996-10-01,3.6,0.00
01003,1996-11-01,3.6,0.03
01003,1996-12-01,3.5,0.00
01003,1997-01-01,4.5,0.30
01003,1997-02-01,4.2,0.50
01003,1997-03-01,3.6,0.53
01003,1997-04-01,3.2,0.10
01003,1997-05-01,3,0.00
01003,1997-06-01,3.5,0.00
01003,1997-07-01,3.6,0.13
01003,1997-08-01,3.4,0.27
01003,1997-09-01,3.6,0.30
01003,1997-10-01,3.2,0.17
01003,1997-11-01,2.9,0.00
01003,1997-12-01,2.9,0.00
01003,1998-01-01,3.5,0.10
01003,1998-02-01,3.3,0.23
01003,1998-03-01,2.9,0.23
01003,1998-04-01,2.1,0.00
01003,1998-05-01,2.3,0.00
01003,1998-06-01,2.9,0.00
01003,1998-07-01,2.7,0.20
01003,1998-08-01,2.6,0.30
01003,1998-09-01,2.8,0.27
01003,1998-10-01,3.2,0.43
01003,1998-11-01,2.9,0.53
01003,1998-12-01,2.9,0.57
01003,1999-01-01,4.2,0.90
01003,1999-02-01,3.9,1.23
01003,1999-03-01,3.2,1.33
01003,1999-04-01,3.2,1.00
01003,1999-05-01,3.1,0.73
01003,1999-06-01,3.4,0.80
01003,1999-07-01,3.3,0.63
01003,1999-08-01,3.1,0.57
01003,1999-09-01,3.2,0.50
01003,1999-10-01,3,0.23
01003,1999-11-01,3.1,0.13
01003,1999-12-01,3.1,0.07
01003,2000-01-01,4.4,0.47
01003,2000-02-01,4.3,0.87
01003,2000-03-01,3.9,1.13
01003,2000-04-01,3.3,0.77
01003,2000-05-01,3.5,0.50
01003,2000-06-01,4,0.53
01003,2000-07-01,3.7,0.67
01003,2000-08-01,3.8,0.77
01003,2000-09-01,3.6,0.63
01003,2000-10-01,3.5,0.57
01003,2000-11-01,3.6,0.50
01003,2000-12-01,3.4,0.43
01003,2001-01-01,4.1,0.20
01003,2001-02-01,4.1,0.37
01003,2001-03-01,4.3,0.67
01003,2001-04-01,4,0.63
01003,2001-05-01,3.7,0.50
01003,2001-06-01,4.4,0.53
01003,2001-07-01,4.1,0.57
01003,2001-08-01,4.6,0.87
01003,2001-09-01,4.4,0.87
01003,2001-10-01,4.6,1.03
01003,2001-11-01,4.7,1.07
01003,2001-12-01,4.6,1.13
01003,2002-01-01,5.4,1.20
01003,2002-02-01,5.4,1.27
01003,2002-03-01,5,1.27
01003,2002-04-01,4.3,0.90
01003,2002-05-01,4.3,0.53
01003,2002-06-01,5.3,0.60
01003,2002-07-01,5.1,0.83
01003,2002-08-01,5.3,0.87
01003,2002-09-01,5,0.77
01003,2002-10-01,5,0.57
01003,2002-11-01,5.1,0.50
01003,2002-12-01,5,0.50
01003,2003-01-01,5.7,0.73
01003,2003-02-01,5.5,0.87
01003,2003-03-01,4.9,0.83
01003,2003-04-01,4.4,0.40
01003,2003-05-01,4.4,0.03
01003,2003-06-01,5.2,0.10
01003,2003-07-01,5,0.30
01003,2003-08-01,4.9,0.47
01003,2003-09-01,4.8,0.33
01003,2003-10-01,4.8,0.27
01003,2003-11-01,4.8,0.23
01003,2003-12-01,4.8,0.23
01003,2004-01-01,5.6,0.50
01003,2004-02-01,5.4,0.70
01003,2004-03-01,5.3,0.87
01003,2004-04-01,4.4,0.47
01003,2004-05-01,4.3,0.10
01003,2004-06-01,4.8,0.00
01003,2004-07-01,4.6,0.07
01003,2004-08-01,4.6,0.17
01003,2004-09-01,5.1,0.27
01003,2004-10-01,6,0.73
01003,2004-11-01,5.6,1.07
01003,2004-12-01,5.1,1.07
01003,2005-01-01,5.5,0.90
01003,2005-02-01,5.3,0.80
01003,2005-03-01,4.3,0.53
01003,2005-04-01,3.6,0.00
01003,2005-05-01,3.5,0.00
01003,2005-06-01,3.9,0.00
01003,2005-07-01,3.5,0.00
01003,2005-08-01,3.5,0.00
01003,2005-09-01,3.8,0.00
01003,2005-10-01,3.7,0.07
01003,2005-11-01,3.6,0.10
01003,2005-12-01,3.5,0.00
01003,2006-01-01,4.1,0.13
01003,2006-02-01,4,0.27
01003,2006-03-01,3.3,0.20
01003,2006-04-01,2.9,0.00
01003,2006-05-01,2.9,0.00
01003,2006-06-01,3.4,0.03
01003,2006-07-01,3.3,0.17
01003,2006-08-01,3.2,0.27
01003,2006-09-01,2.9,0.10
01003,2006-10-01,2.8,0.00
01003,2006-11-01,2.8,0.00
01003,2006-12-01,2.8,0.00
01003,2007-01-01,3.5,0.23
01003,2007-02-01,3.5,0.47
01003,2007-03-01,3,0.53
01003,2007-04-01,2.6,0.23
01003,2007-05-01,2.6,0.00
01003,2007-06-01,3.2,0.07
01003,2007-07-01,3.1,0.23
01003,2007-08-01,3.3,0.47
01003,2007-09-01,3.3,0.50
01003,2007-10-01,3,0.47
01003,2007-11-01,3.2,0.43
01003,2007-12-01,3.7,0.57
01003,2008-01-01,4.3,1.00
01003,2008-02-01,4.2,1.33
01003,2008-03-01,4.1,1.47
01003,2008-04-01,3.4,1.17
01003,2008-05-01,3.9,1.07
01003,2008-06-01,4.7,1.20
01003,2008-07-01,4.9,1.53
01003,2008-08-01,5.2,1.77
01003,2008-09-01,5.2,1.93
01003,2008-10-01,5.5,2.13
01003,2008-11-01,5.8,2.33
01003,2008-12-01,6.7,2.70
01003,2009-01-01,7.5,2.93
01003,2009-02-01,8.1,3.63
01003,2009-03-01,7.7,3.97
01003,2009-04-01,7.1,3.83
01003,2009-05-01,7.5,3.63
01003,2009-06-01,8.2,3.60
01003,2009-07-01,8.6,3.60
01003,2009-08-01,8.9,3.63
01003,2009-09-01,9.5,3.90
01003,2009-10-01,9.9,4.13
01003,2009-11-01,10.2,4.37
01003,2009-12-01,10.6,4.23
01003,2010-01-01,11.6,4.13
01003,2010-02-01,11.4,3.77
01003,2010-03-01,10.7,3.80
01003,2010-04-01,9.7,3.17
01003,2010-05-01,9.2,2.43
01003,2010-06-01,9.1,1.73
01003,2010-07-01,9.2,1.07
01003,2010-08-01,9.5,0.70
01003,2010-09-01,9.5,0.40
01003,2010-10-01,9.5,0.33
01003,2010-11-01,9.8,0.43
01003,2010-12-01,9.6,0.47
01003,2011-01-01,10.1,0.67
01003,2011-02-01,10.1,0.77
01003,2011-03-01,9.3,0.67
01003,2011-04-01,8.7,0.20
01003,2011-05-01,8.5,0.00
01003,2011-06-01,9.2,0.00
01003,2011-07-01,8.7,0.00
01003,2011-08-01,8.8,0.10
01003,2011-09-01,8.8,0.00
01003,2011-10-01,8.6,0.00
01003,2011-11-01,8.2,0.00
01003,2011-12-01,8.4,0.00
01003,2012-01-01,9.1,0.17
01003,2012-02-01,9,0.43
01003,2012-03-01,8,0.30
01003,2012-04-01,7.2,0.00
01003,2012-05-01,7.4,0.00
01003,2012-06-01,7.8,0.00
01003,2012-07-01,7.7,0.17
01003,2012-08-01,7.6,0.23
01003,2012-09-01,7.3,0.07
01003,2012-10-01,7.4,0.00
01003,2012-11-01,7.1,0.00
01003,2012-12-01,7.5,0.07
01003,2013-01-01,8.4,0.40
01003,2013-02-01,8,0.70
01003,2013-03-01,6.9,0.50
01003,2013-04-01,6.2,0.00
01003,2013-05-01,6.2,0.00
01003,2013-06-01,6.7,0.00
01003,2013-07-01,6.3,0.03
01003,2013-08-01,6.5,0.13
01003,2013-09-01,6.5,0.07
01003,2013-10-01,6.6,0.17
01003,2013-11-01,6.5,0.17
01003,2013-12-01,6.5,0.17
01003,2014-01-01,7.4,0.43
01003,2014-02-01,7.3,0.70
01003,2014-03-01,6.6,0.73
01003,2014-04-01,5.5,0.10
01003,2014-05-01,5.6,0.00
01003,2014-06-01,6,0.00
01003,2014-07-01,6.1,0.20
01003,2014-08-01,6.1,0.37
01003,2014-09-01,5.9,0.33
01003,2014-10-01,5.7,0.20
01003,2014-11-01,5.6,0.03
01003,2014-12-01,5.7,0.00
01003,2015-01-01,6.5,0.27
01003,2015-02-01,6.3,0.50
01003,2015-03-01,5.6,0.47
01003,2015-04-01,5,0.00
01003,2015-05-01,5.2,0.00
01003,2015-06-01,5.5,0.00
01003,2015-07-01,5.5,0.17
01003,2015-08-01,5.5,0.27
01003,2015-09-01,5.3,0.20
01003,2015-10-01,5.4,0.17
01003,2015-11-01,5.4,0.13
01003,2015-12-01,5.6,0.23
01003,2016-01-01,5.7,0.33
01003,2016-02-01,5.5,0.37
01003,2016-03-01,5,0.17
01003,2016-04-01,4.5,0.00
01003,2016-05-01,4.4,0.00
01003,2016-06-01,4.8,0.00
01003,2016-07-01,4.7,0.07
01003,2016-08-01,4.8,0.20
01003,2016-09-01,4.9,0.23
01003,2016-10-01,4.9,0.30
01003,2016-11-01,4.6,0.23
01003,2016-12-01,4.7,0.17
01003,2017-01-01,5.3,0.30
01003,2017-02-01,5.1,0.47
01003,2017-03-01,4.2,0.30
01003,2017-04-01,3.6,0.00
01003,2017-05-01,3.4,0.00
01003,2017-06-01,3.8,0.00
01003,2017-07-01,3.6,0.00
01003,2017-08-01,3.7,0.10
01003,2017-09-01,3.4,0.00
01003,2017-10-01,3.3,0.00
01003,2017-11-01,3.3,0.00
01003,2017-12-01,3.4,0.00
01003,2018-01-01,4,0.23
01003,2018-02-01,3.9,0.43
01003,2018-03-01,3.5,0.47
01003,2018-04-01,3,0.13
01003,2018-05-01,2.9,0.00
01003,2018-06-01,3.6,0.03
01003,2018-07-01,3.3,0.13
01003,2018-08-01,3.4,0.30
01003,2018-09-01,3.1,0.13
01003,2018-10-01,3.2,0.10
01003,2018-11-01,3,0.00
01003,2018-12-01,3.2,0.03
01003,2019-01-01,3.8,0.23
01003,2019-02-01,3.3,0.33
01003,2019-03-01,3.1,0.30
01003,2019-04-01,2.4,0.00
01003,2019-05-01,2.3,0.00
01003,2019-06-01,2.7,0.00
01003,2019-07-01,2.5,0.03
01003,2019-08-01,2.7,0.17
01003,2019-09-01,2.4,0.07
01003,2019-10-01,2.3,0.00
01003,2019-11-01,2.4,0.00
01003,2019-12-01,2.5,0.03
01003,2020-01-01,3.2,0.33
01003,2020-02-01,2.9,0.50
01003,2020-03-01,3.2,0.73
01003,2020-04-01,14,4.33
01003,2020-05-01,9.6,6.57
01003,2020-06-01,7.6,8.03
01003,2020-07-01,6.7,5.60
01003,2020-08-01,5.2,4.13
01003,2020-09-01,4.8,3.20
01003,2020-10-01,4.1,2.33
01003,2020-11-01,3.8,1.87
01003,2020-12-01,3.5,1.40
01003,2021-01-01,3.8,1.00
01003,2021-02-01,3.5,0.73
01003,2021-03-01,3,0.33
01003,2021-04-01,2.7,0.00
01003,2021-05-01,2.5,0.00
01003,2021-06-01,3.1,0.03
01003,2021-07-01,2.8,0.07
01003,2021-08-01,2.8,0.17
01003,2021-09-01,2.3,0.00
01003,2021-10-01,2.1,0.00
01003,2021-11-01,2,0.00
01003,2021-12-01,1.9,0.00
01003,2022-01-01,2.7,0.20
01003,2022-02-01,2.5,0.37
01003,2022-03-01,2.1,0.43
01003,2022-04-01,1.8,0.13
01003,2022-05-01,1.9,0.00
01003,2022-06-01,2.6,0.17
01003,2022-07-01,2.3,0.33
01003,2022-08-01,2.4,0.50
01003,2022-09-01,2.1,0.33
01003,2022-10-01,2,0.23
01003,2022-11-01,1.9,0.07
01003,2022-12-01,1.8,0.00
01003,2023-01-01,2.4,0.13
01003,2023-02-01,2.3,0.27
01003,2023-03-01,1.9,0.30
01003,2023-04-01,1.6,0.03
01003,2023-05-01,1.7,0.00
01003,2023-06-01,2.3,0.13
01003,2023-07-01,2.2,0.33
01003,2023-08-01,2.4,0.57
01003,2023-09-01,2.3,0.57
01003,2023-10-01,2.2,0.57
01003,2023-11-01,2.2,0.50
01003,2023-12-01,2.3,0.50
01003,2024-01-01,2.9,0.73
01003,2024-02-01,2.9,0.97
01003,2024-03-01,2.5,1.03
01003,2024-04-01,2.1,0.77
01003,2024-05-01,2.1,0.50
01003,2024-06-01,2.8,0.47
01003,2024-07-01,2.9,0.53
01003,2024-08-01,3.1,0.70
01003,2024-09-01,2.8,0.70
01003,2024-10-01,2.8,0.67
01003,2024-11-01,2.9,0.60
01003,2024-12-01,3,0.67
01003,2025-01-01,3.1,0.77
01003,2025-02-01,3.2,0.87
01003,2025-03-01,3.1,0.90
01003,2025-04-01,2.4,0.67
01003,2025-05-01,2.5,0.43
01003,2025-06-01,2.7,0.20
01003,2025-07-01,2.4,0.00
01003,2025-08-01,2.3,0.00
01005,1990-01-01,7.2,NaN
01005,1990-02-01,7.1,NaN
01005,1990-03-01,6.2,NaN
01005,1990-04-01,7.5,NaN
01005,1990-05-01,7.7,NaN
01005,1990-06-01,9,NaN
01005,1990-07-01,7.9,NaN
01005,1990-08-01,9.1,NaN
01005,1990-09-01,9.1,NaN
01005,1990-10-01,8.3,NaN
01005,1990-11-01,7.8,NaN
01005,1990-12-01,7.6,NaN
01005,1991-01-01,8.5,NaN
01005,1991-02-01,9.1,NaN
01005,1991-03-01,9.5,2.20
01005,1991-04-01,7.5,1.77
01005,1991-05-01,8.2,1.27
01005,1991-06-01,9.4,0.47
01005,1991-07-01,7.9,0.60
01005,1991-08-01,9.1,0.90
01005,1991-09-01,8.2,0.50
01005,1991-10-01,8.6,0.73
01005,1991-11-01,9.1,0.73
01005,1991-12-01,8.7,0.90
01005,1992-01-01,10.4,1.43
01005,1992-02-01,11.1,1.70
01005,1992-03-01,9.1,1.83
01005,1992-04-01,9.1,1.40
01005,1992-05-01,9.4,0.83
01005,1992-06-01,12.6,2.00
01005,1992-07-01,12.2,3.00
01005,1992-08-01,11.9,3.83
01005,1992-09-01,11,3.30
01005,1992-10-01,10.5,2.50
01005,1992-11-01,10.3,1.97
01005,1992-12-01,10.8,1.73
01005,1993-01-01,12.6,2.03
01005,1993-02-01,12.2,2.67
01005,1993-03-01,10.4,2.53
01005,1993-04-01,10.1,1.70
01005,1993-05-01,10,0.97
01005,1993-06-01,10.5,0.03
01005,1993-07-01,13.1,1.03
01005,1993-08-01,9.1,0.73
01005,1993-09-01,8.5,0.07
01005,1993-10-01,8.4,0.00
01005,1993-11-01,7.5,0.00
01005,1993-12-01,7.4,0.00
01005,1994-01-01,8.1,0.00
01005,1994-02-01,7.3,0.00
01005,1994-03-01,7,0.00
01005,1994-04-01,6.2,0.00
01005,1994-05-01,6.2,0.00
01005,1994-06-01,7.3,0.10
01005,1994-07-01,6.2,0.10
01005,1994-08-01,6.1,0.07
01005,1994-09-01,5.9,0.00
01005,1994-10-01,5.7,0.00
01005,1994-11-01,5.8,0.00
01005,1994-12-01,5.2,0.00
01005,1995-01-01,6.8,0.37
01005,1995-02-01,6.2,0.50
01005,1995-03-01,12.3,2.87
01005,1995-04-01,8.1,3.30
01005,1995-05-01,9.3,4.33
01005,1995-06-01,8.4,3.03
01005,1995-07-01,6.9,2.63
01005,1995-08-01,9.1,2.57
01005,1995-09-01,7.9,2.40
01005,1995-10-01,7.4,2.57
01005,1995-11-01,7,1.87
01005,1995-12-01,8.9,2.20
01005,1996-01-01,11.6,3.23
01005,1996-02-01,9.8,4.03
01005,1996-03-01,11.1,3.40
01005,1996-04-01,8.2,2.27
01005,1996-05-01,8.7,1.90
01005,1996-06-01,9.9,1.50
01005,1996-07-01,9.6,1.97
01005,1996-08-01,8.9,2.03
01005,1996-09-01,8.9,1.70
01005,1996-10-01,9.2,1.57
01005,1996-11-01,8.9,1.57
01005,1996-12-01,9.2,1.33
01005,1997-01-01,9.5,0.27
01005,1997-02-01,10.5,0.80
01005,1997-03-01,8.3,0.50
01005,1997-04-01,7.1,0.00
01005,1997-05-01,6.9,0.00
01005,1997-06-01,7.9,0.00
01005,1997-07-01,6.8,0.00
01005,1997-08-01,7.4,0.17
01005,1997-09-01,6.6,0.00
01005,1997-10-01,6.3,0.00
01005,1997-11-01,5.4,0.00
01005,1997-12-01,4.9,0.00
01005,1998-01-01,5.5,0.00
01005,1998-02-01,5.1,0.00
01005,1998-03-01,4.7,0.00
01005,1998-04-01,4.1,0.00
01005,1998-05-01,4.5,0.00
01005,1998-06-01,5.5,0.27
01005,1998-07-01,5.4,0.70
01005,1998-08-01,5.8,1.13
01005,1998-09-01,5.3,1.07
01005,1998-10-01,4.9,0.90
01005,1998-11-01,4.5,0.47
01005,1998-12-01,4.1,0.07
01005,1999-01-01,4.7,0.00
01005,1999-02-01,4.7,0.07
01005,1999-03-01,4.4,0.17
01005,1999-04-01,4.3,0.03
01005,1999-05-01,4.8,0.07
01005,1999-06-01,5.5,0.43
01005,1999-07-01,4.9,0.63
01005,1999-08-01,5.2,0.77
01005,1999-09-01,5,0.60
01005,1999-10-01,5.1,0.67
01005,1999-11-01,4.8,0.53
01005,1999-12-01,4.2,0.27
01005,2000-01-01,5.6,0.43
01005,2000-02-01,5.6,0.67
01005,2000-03-01,5.3,1.03
01005,2000-04-01,4.8,0.77
01005,2000-05-01,4.9,0.50
01005,2000-06-01,5.8,0.47
01005,2000-07-01,5.7,0.77
01005,2000-08-01,5.9,1.10
01005,2000-09-01,5.5,1.00
01005,2000-10-01,6.1,1.13
01005,2000-11-01,6.1,1.20
01005,2000-12-01,5.8,1.30
01005,2001-01-01,6.9,1.40
01005,2001-02-01,9.1,2.27
01005,2001-03-01,7.3,2.77
01005,2001-04-01,6.9,2.77
01005,2001-05-01,6.9,2.03
01005,2001-06-01,7.5,1.93
01005,2001-07-01,7.7,1.90
01005,2001-08-01,8.3,2.13
01005,2001-09-01,7.2,2.03
01005,2001-10-01,7.2,1.73
01005,2001-11-01,8.1,1.60
01005,2001-12-01,6.7,1.33
01005,2002-01-01,8.4,1.47
01005,2002-02-01,7.5,0.50
01005,2002-03-01,7.8,0.87
01005,2002-04-01,8.1,0.77
01005,2002-05-01,7.8,0.87
01005,2002-06-01,8.8,1.13
01005,2002-07-01,8.5,1.03
01005,2002-08-01,8.3,1.20
01005,2002-09-01,6.9,0.57
01005,2002-10-01,6.8,0.00
01005,2002-11-01,6.7,0.00
01005,2002-12-01,6.6,0.00
01005,2003-01-01,7.6,0.27
01005,2003-02-01,7.8,0.63
01005,2003-03-01,6.6,0.63
01005,2003-04-01,6.2,0.17
01005,2003-05-01,6.5,0.00
01005,2003-06-01,7.7,0.37
01005,2003-07-01,6.9,0.60
01005,2003-08-01,7,0.77
01005,2003-09-01,7.1,0.57
01005,2003-10-01,7.3,0.70
01005,2003-11-01,7.1,0.73
01005,2003-12-01,6.5,0.53
01005,2004-01-01,7.5,0.60
01005,2004-02-01,7.5,0.73
01005,2004-03-01,7.3,1.00
01005,2004-04-01,7.7,1.07
01005,2004-05-01,7,0.90
01005,2004-06-01,7.5,0.60
01005,2004-07-01,7,0.20
01005,2004-08-01,6.5,0.03
01005,2004-09-01,6.2,0.00
01005,2004-10-01,7,0.00
01005,2004-11-01,7.2,0.23
01005,2004-12-01,6.9,0.47
01005,2005-01-01,6.9,0.43
01005,2005-02-01,6.8,0.30
01005,2005-03-01,5.8,0.00
01005,2005-04-01,5.1,0.00
01005,2005-05-01,4.9,0.00
01005,2005-06-01,6,0.07
01005,2005-07-01,5.7,0.27
01005,2005-08-01,5.5,0.47
01005,2005-09-01,5.7,0.37
01005,2005-10-01,5.6,0.33
01005,2005-11-01,5.7,0.40
01005,2005-12-01,5.2,0.23
01005,2006-01-01,5.8,0.30
01005,2006-02-01,5.6,0.27
01005,2006-03-01,5,0.20
01005,2006-04-01,4.7,0.00
01005,2006-05-01,5.4,0.00
01005,2006-06-01,6.3,0.43
01005,2006-07-01,6.3,0.97
01005,2006-08-01,6.1,1.20
01005,2006-09-01,6.1,1.13
01005,2006-10-01,5.7,0.93
01005,2006-11-01,5.6,0.77
01005,2006-12-01,5.3,0.50
01005,2007-01-01,6.5,0.77
01005,2007-02-01,5.8,0.83
01005,2007-03-01,6.3,1.17
01005,2007-04-01,5.4,0.80
01005,2007-05-01,5,0.53
01005,2007-06-01,6.1,0.03
01005,2007-07-01,6.9,0.50
01005,2007-08-01,6.9,1.13
01005,2007-09-01,7.3,1.53
01005,2007-10-01,6.8,1.50
01005,2007-11-01,7.1,1.57
01005,2007-12-01,7.2,1.53
01005,2008-01-01,8.9,2.23
01005,2008-02-01,8.9,2.83
01005,2008-03-01,8.6,3.30
01005,2008-04-01,7.9,2.97
01005,2008-05-01,8.8,2.93
01005,2008-06-01,9.8,3.33
01005,2008-07-01,9.7,3.43
01005,2008-08-01,9.7,3.10
01005,2008-09-01,9.7,2.70
01005,2008-10-01,9.6,2.67
01005,2008-11-01,9.1,2.43
01005,2008-12-01,9.5,2.37
01005,2009-01-01,10.5,1.97
01005,2009-02-01,11.4,2.13
01005,2009-03-01,10.7,2.43
01005,2009-04-01,10.2,2.33
01005,2009-05-01,11.1,2.23
01005,2009-06-01,12.2,2.33
01005,2009-07-01,14.6,3.23
01005,2009-08-01,13.8,4.13
01005,2009-09-01,13.6,4.60
01005,2009-10-01,15.2,4.80
01005,2009-11-01,14.7,5.10
01005,2009-12-01,14.5,5.40
01005,2010-01-01,14.1,4.73
01005,2010-02-01,13.3,3.50
01005,2010-03-01,13.1,2.83
01005,2010-04-01,11.7,2.03
01005,2010-05-01,11.3,1.37
01005,2010-06-01,11.6,0.37
01005,2010-07-01,11.6,0.00
01005,2010-08-01,11.5,0.07
01005,2010-09-01,11.1,0.00
01005,2010-10-01,12.4,0.27
01005,2010-11-01,12.6,0.63
01005,2010-12-01,11.6,0.80
01005,2011-01-01,11.4,0.47
01005,2011-02-01,12.2,0.33
01005,2011-03-01,11.1,0.17
01005,2011-04-01,10.7,0.00
01005,2011-05-01,10.7,0.00
01005,2011-06-01,11.8,0.23
01005,2011-07-01,11.9,0.63
01005,2011-08-01,11.7,0.97
01005,2011-09-01,11.6,0.90
01005,2011-10-01,11.9,0.90
01005,2011-11-01,11.2,0.73
01005,2011-12-01,10.9,0.50
01005,2012-01-01,12.1,0.57
01005,2012-02-01,12.3,0.93
01005,2012-03-01,11.5,1.13
01005,2012-04-01,10.8,0.70
01005,2012-05-01,11.4,0.40
01005,2012-06-01,12.7,0.57
01005,2012-07-01,13,1.13
01005,2012-08-01,12.8,1.60
01005,2012-09-01,11.9,1.33
01005,2012-10-01,11.3,0.77
01005,2012-11-01,10.9,0.13
01005,2012-12-01,10.8,0.00
01005,2013-01-01,11.7,0.13
01005,2013-02-01,11.7,0.40
01005,2013-03-01,10.9,0.43
01005,2013-04-01,10,0.00
01005,2013-05-01,9.8,0.00
01005,2013-06-01,10.9,0.00
01005,2013-07-01,10.5,0.17
01005,2013-08-01,10.7,0.47
01005,2013-09-01,9.9,0.13
01005,2013-10-01,9.7,0.00
01005,2013-11-01,9.6,0.00
01005,2013-12-01,9.7,0.00
01005,2014-01-01,11,0.43
01005,2014-02-01,11.2,0.97
01005,2014-03-01,10.7,1.30
01005,2014-04-01,9.9,0.93
01005,2014-05-01,10.3,0.63
01005,2014-06-01,11.1,0.77
01005,2014-07-01,11.3,1.23
01005,2014-08-01,11.4,1.60
01005,2014-09-01,10.5,1.40
01005,2014-10-01,9.7,0.87
01005,2014-11-01,10,0.40
01005,2014-12-01,8.9,0.00
01005,2015-01-01,10.1,0.13
01005,2015-02-01,9.5,0.00
01005,2015-03-01,8.7,0.00
01005,2015-04-01,8.1,0.00
01005,2015-05-01,8.6,0.00
01005,2015-06-01,9.3,0.20
01005,2015-07-01,9.5,0.67
01005,2015-08-01,8.8,0.73
01005,2015-09-01,8.5,0.47
01005,2015-10-01,8.5,0.13
01005,2015-11-01,8.6,0.07
01005,2015-12-01,8.5,0.07
01005,2016-01-01,8.1,0.00
01005,2016-02-01,7.8,0.00
01005,2016-03-01,7.6,0.00
01005,2016-04-01,7.3,0.00
01005,2016-05-01,7.1,0.00
01005,2016-06-01,8,0.13
01005,2016-07-01,8.1,0.40
01005,2016-08-01,8.1,0.73
01005,2016-09-01,7.5,0.57
01005,2016-10-01,7.2,0.27
01005,2016-11-01,6.6,0.00
01005,2016-12-01,6.6,0.00
01005,2017-01-01,7.2,0.00
01005,2017-02-01,6.6,0.00
01005,2017-03-01,5.9,0.00
01005,2017-04-01,5.3,0.00
01005,2017-05-01,4.8,0.00
01005,2017-06-01,5.7,0.00
01005,2017-07-01,5.6,0.10
01005,2017-08-01,5.5,0.33
01005,2017-09-01,4.8,0.03
01005,2017-10-01,4.6,0.00
01005,2017-11-01,4.5,0.00
01005,2017-12-01,4.5,0.00
01005,2018-01-01,5.2,0.20
01005,2018-02-01,5.1,0.40
01005,2018-03-01,4.7,0.47
01005,2018-04-01,4.3,0.17
01005,2018-05-01,4.2,0.00
01005,2018-06-01,5.3,0.20
01005,2018-07-01,5.2,0.50
01005,2018-08-01,5.1,0.80
01005,2018-09-01,4.5,0.53
01005,2018-10-01,4.4,0.27
01005,2018-11-01,4,0.00
01005,2018-12-01,4.2,0.00
01005,2019-01-01,4.7,0.10
01005,2019-02-01,4.2,0.17
01005,2019-03-01,3.9,0.07
01005,2019-04-01,3.2,0.00
01005,2019-05-01,3.1,0.00
01005,2019-06-01,3.9,0.00
01005,2019-07-01,4,0.27
01005,2019-08-01,3.8,0.50
01005,2019-09-01,3.2,0.27
01005,2019-10-01,3.4,0.07
01005,2019-11-01,3.3,0.00
01005,2019-12-01,3.3,0.03
01005,2020-01-01,3.9,0.20
01005,2020-02-01,3.7,0.33
01005,2020-03-01,4.1,0.60
01005,2020-04-01,8.8,2.23
01005,2020-05-01,8.9,3.97
01005,2020-06-01,9.3,5.70
01005,2020-07-01,9,5.77
01005,2020-08-01,7.8,5.40
01005,2020-09-01,8,4.97
01005,2020-10-01,7.1,4.33
01005,2020-11-01,6.6,3.93
01005,2020-12-01,6.5,3.40
01005,2021-01-01,6.8,3.13
01005,2021-02-01,6.4,2.93
01005,2021-03-01,5.7,2.40
01005,2021-04-01,5.2,0.23
01005,2021-05-01,4.8,0.00
01005,2021-06-01,5.8,0.03
01005,2021-07-01,5.4,0.10
01005,2021-08-01,5.2,0.23
01005,2021-09-01,4.5,0.00
01005,2021-10-01,4.2,0.00
01005,2021-11-01,3.4,0.00
01005,2021-12-01,3.5,0.00
01005,2022-01-01,4.4,0.07
01005,2022-02-01,4,0.27
01005,2022-03-01,3.4,0.23
01005,2022-04-01,2.8,0.00
01005,2022-05-01,2.8,0.00
01005,2022-06-01,4,0.20
01005,2022-07-01,3.8,0.53
01005,2022-08-01,3.9,0.90
01005,2022-09-01,3.2,0.63
01005,2022-10-01,4,0.70
01005,2022-11-01,3.5,0.57
01005,2022-12-01,3.5,0.67
01005,2023-01-01,4.3,0.77
01005,2023-02-01,4.2,1.00
01005,2023-03-01,3.7,1.07
01005,2023-04-01,3.1,0.67
01005,2023-05-01,3.3,0.37
01005,2023-06-01,4.6,0.47
01005,2023-07-01,4.3,0.70
01005,2023-08-01,4.5,1.10
01005,2023-09-01,3.9,0.87
01005,2023-10-01,4,0.77
01005,2023-11-01,3.8,0.53
01005,2023-12-01,4,0.57
01005,2024-01-01,4.7,0.80
01005,2024-02-01,5.1,1.23
01005,2024-03-01,4.2,1.30
01005,2024-04-01,3.3,0.83
01005,2024-05-01,3.3,0.23
01005,2024-06-01,4.5,0.10
01005,2024-07-01,4.4,0.47
01005,2024-08-01,4.6,0.90
01005,2024-09-01,4.3,0.83
01005,2024-10-01,4.2,0.77
01005,2024-11-01,4.6,0.77
01005,2024-12-01,4.2,0.73
01005,2025-01-01,4.3,0.77
01005,2025-02-01,4.4,0.70
01005,2025-03-01,4.4,0.77
01005,2025-04-01,3.4,0.47
01005,2025-05-01,3.5,0.17
01005,2025-06-01,4,0.00
01005,2025-07-01,3.7,0.10
01005,2025-08-01,3.5,0.10
01007,1990-01-01,12.6,NaN
01007,1990-02-01,9.6,NaN
01007,1990-03-01,5.3,NaN
01007,1990-04-01,5.6,NaN
01007,1990-05-01,4.9,NaN
01007,1990-06-01,6.2,NaN
01007,1990-07-01,5.6,NaN
01007,1990-08-01,15.9,NaN
01007,1990-09-01,9.2,NaN
01007,1990-10-01,9.3,NaN
01007,1990-11-01,12.5,NaN
01007,1990-12-01,12.8,NaN
01007,1991-01-01,14.8,NaN
01007,1991-02-01,16.4,NaN
01007,1991-03-01,15.7,10.37
01007,1991-04-01,11.6,9.30
01007,1991-05-01,9.4,6.97
01007,1991-06-01,10.4,4.90
01007,1991-07-01,10.1,4.40
01007,1991-08-01,9.9,0.90
01007,1991-09-01,9.4,0.00
01007,1991-10-01,8.7,0.00
01007,1991-11-01,10.6,0.23
01007,1991-12-01,13,1.43
01007,1992-01-01,15.4,3.67
01007,1992-02-01,12.2,4.20
01007,1992-03-01,9.7,3.10
01007,1992-04-01,9.8,1.23
01007,1992-05-01,9.3,0.27
01007,1992-06-01,10.7,0.60
01007,1992-07-01,9.6,0.53
01007,1992-08-01,12.2,1.50
01007,1992-09-01,8.6,0.80
01007,1992-10-01,9.7,0.83
01007,1992-11-01,12.4,0.67
01007,1992-12-01,12.8,2.03
01007,1993-01-01,15.7,4.03
01007,1993-02-01,15.7,5.13
01007,1993-03-01,13.7,5.43
01007,1993-04-01,12.3,4.30
01007,1993-05-01,10.9,2.70
01007,1993-06-01,11.8,1.80
01007,1993-07-01,11,1.37
01007,1993-08-01,10.5,0.97
01007,1993-09-01,10,0.37
01007,1993-10-01,9.1,0.00
01007,1993-11-01,8.7,0.00
01007,1993-12-01,8.5,0.00
01007,1994-01-01,11.1,0.67
01007,1994-02-01,8.2,0.50
01007,1994-03-01,7.1,0.03
01007,1994-04-01,7.2,0.00
01007,1994-05-01,6.8,0.00
01007,1994-06-01,8,0.30
01007,1994-07-01,7.1,0.27
01007,1994-08-01,7.7,0.57
01007,1994-09-01,7.3,0.33
01007,1994-10-01,7.2,0.37
01007,1994-11-01,6.8,0.07
01007,1994-12-01,7.8,0.23
01007,1995-01-01,8.8,0.77
01007,1995-02-01,6.7,0.73
01007,1995-03-01,6.6,0.33
01007,1995-04-01,5.8,0.00
01007,1995-05-01,5.7,0.00
01007,1995-06-01,7.4,0.27
01007,1995-07-01,6.2,0.40
01007,1995-08-01,7.5,1.00
01007,1995-09-01,5.7,0.43
01007,1995-10-01,5.5,0.20
01007,1995-11-01,5.8,0.00
01007,1995-12-01,6.9,0.40
01007,1996-01-01,9.3,1.67
01007,1996-02-01,9.4,2.87
01007,1996-03-01,8.1,3.27
01007,1996-04-01,7,2.50
01007,1996-05-01,6.8,1.63
01007,1996-06-01,7.1,1.30
01007,1996-07-01,6.3,1.07
01007,1996-08-01,7,1.13
01007,1996-09-01,6.4,0.90
01007,1996-10-01,6.4,0.93
01007,1996-11-01,6,0.60
01007,1996-12-01,5.7,0.00
01007,1997-01-01,8.6,0.73
01007,1997-02-01,8,1.40
01007,1997-03-01,7.7,2.07
01007,1997-04-01,6.6,1.40
01007,1997-05-01,6.1,0.77
01007,1997-06-01,7.7,0.77
01007,1997-07-01,9.3,1.67
01007,1997-08-01,8.8,2.57
01007,1997-09-01,7.2,2.40
01007,1997-10-01,6.8,1.57
01007,1997-11-01,6.1,0.67
01007,1997-12-01,6.2,0.33
01007,1998-01-01,8.4,0.53
01007,1998-02-01,8.8,1.43
01007,1998-03-01,7,1.70
01007,1998-04-01,7.4,1.37
01007,1998-05-01,5.7,0.33
01007,1998-06-01,8.1,0.70
01007,1998-07-01,8.4,1.03
01007,1998-08-01,7,1.47
01007,1998-09-01,6.3,0.87
01007,1998-10-01,6.6,0.27
01007,1998-11-01,6.2,0.00
01007,1998-12-01,5.7,0.00
01007,1999-01-01,7.6,0.33
01007,1999-02-01,8,0.93
01007,1999-03-01,7,1.37
01007,1999-04-01,7.3,1.27
01007,1999-05-01,6.4,0.73
01007,1999-06-01,7.9,1.03
01007,1999-07-01,7.2,1.00
01007,1999-08-01,6.9,1.17
01007,1999-09-01,6.4,0.67
01007,1999-10-01,6,0.27
01007,1999-11-01,5.6,0.00
01007,1999-12-01,5.5,0.00
01007,2000-01-01,6.6,0.20
01007,2000-02-01,6.1,0.37
01007,2000-03-01,5.8,0.47
01007,2000-04-01,4.9,0.00
01007,2000-05-01,5,0.00
01007,2000-06-01,5.6,0.00
01007,2000-07-01,5.5,0.20
01007,2000-08-01,5.8,0.47
01007,2000-09-01,4.8,0.20
01007,2000-10-01,4.9,0.00
01007,2000-11-01,4.8,0.00
01007,2000-12-01,4.7,0.00
01007,2001-01-01,5.4,0.17
01007,2001-02-01,7.5,1.07
01007,2001-03-01,5.3,1.27
01007,2001-04-01,5.1,1.17
01007,2001-05-01,4.9,0.30
01007,2001-06-01,5.7,0.43
01007,2001-07-01,5.4,0.53
01007,2001-08-01,6,0.90
01007,2001-09-01,8.8,1.93
01007,2001-10-01,8.4,2.93
01007,2001-11-01,9,3.93
01007,2001-12-01,9,4.00
01007,2002-01-01,9.4,4.17
01007,2002-02-01,8.7,3.93
01007,2002-03-01,7.2,3.33
01007,2002-04-01,7.1,2.57
01007,2002-05-01,6.8,1.93
01007,2002-06-01,7.6,1.93
01007,2002-07-01,7.7,2.03
01007,2002-08-01,6.6,1.60
01007,2002-09-01,5.9,0.00
01007,2002-10-01,5.5,0.00
01007,2002-11-01,5.4,0.00
01007,2002-12-01,5.3,0.00
01007,2003-01-01,6.1,0.20
01007,2003-02-01,6.2,0.47
01007,2003-03-01,5.8,0.63
01007,2003-04-01,6,0.60
01007,2003-05-01,5.7,0.43
01007,2003-06-01,6.6,0.70
01007,2003-07-01,6.3,0.80
01007,2003-08-01,6.2,0.97
01007,2003-09-01,5.5,0.60
01007,2003-10-01,5.5,0.33
01007,2003-11-01,5.4,0.07
01007,2003-12-01,5.4,0.03
01007,2004-01-01,5.6,0.03
01007,2004-02-01,5.7,0.13
01007,2004-03-01,5.6,0.20
01007,2004-04-01,5.2,0.07
01007,2004-05-01,5.2,0.00
01007,2004-06-01,5.9,0.10
01007,2004-07-01,5.8,0.30
01007,2004-08-01,5.7,0.47
01007,2004-09-01,5.4,0.30
01007,2004-10-01,4.9,0.00
01007,2004-11-01,4.7,0.00
01007,2004-12-01,4.7,0.00
01007,2005-01-01,5.4,0.17
01007,2005-02-01,5.1,0.30
01007,2005-03-01,4.4,0.20
01007,2005-04-01,4.1,0.00
01007,2005-05-01,4,0.00
01007,2005-06-01,5.4,0.33
01007,2005-07-01,5,0.63
01007,2005-08-01,4.6,0.83
01007,2005-09-01,3.9,0.33
01007,2005-10-01,3.8,0.00
01007,2005-11-01,3.9,0.00
01007,2005-12-01,3.8,0.00
01007,2006-01-01,4.5,0.23
01007,2006-02-01,4.5,0.43
01007,2006-03-01,4.1,0.53
01007,2006-04-01,3.6,0.23
01007,2006-05-01,4,0.07
01007,2006-06-01,5,0.37
01007,2006-07-01,5.1,0.87
01007,2006-08-01,4.7,1.10
01007,2006-09-01,3.8,0.70
01007,2006-10-01,3.6,0.20
01007,2006-11-01,3.7,0.00
01007,2006-12-01,3.7,0.00
01007,2007-01-01,4.4,0.27
01007,2007-02-01,4.3,0.47
01007,2007-03-01,3.8,0.50
01007,2007-04-01,3.4,0.17
01007,2007-05-01,3.5,0.00
01007,2007-06-01,4.3,0.17
01007,2007-07-01,4.6,0.57
01007,2007-08-01,4.5,0.90
01007,2007-09-01,4,0.80
01007,2007-10-01,4.1,0.63
01007,2007-11-01,4.4,0.60
01007,2007-12-01,4.9,0.90
01007,2008-01-01,5.3,1.30
01007,2008-02-01,5.1,1.53
01007,2008-03-01,5.2,1.63
01007,2008-04-01,4.6,1.40
01007,2008-05-01,5,1.37
01007,2008-06-01,6.3,1.57
01007,2008-07-01,6.3,1.73
01007,2008-08-01,6.6,2.23
01007,2008-09-01,6.7,2.37
01007,2008-10-01,6.8,2.53
01007,2008-11-01,7.3,2.77
01007,2008-12-01,7.6,2.77
01007,2009-01-01,13,4.43
01007,2009-02-01,10.9,5.57
01007,2009-03-01,10.5,6.53
01007,2009-04-01,10.4,5.67
01007,2009-05-01,10.9,5.67
01007,2009-06-01,15.3,6.90
01007,2009-07-01,12.4,7.00
01007,2009-08-01,12.3,6.93
01007,2009-09-01,12.1,5.73
01007,2009-10-01,11.3,5.20
01007,2009-11-01,10.6,4.40
01007,2009-12-01,10.8,3.67
01007,2010-01-01,12.3,1.93
01007,2010-02-01,11.8,1.13
01007,2010-03-01,11.5,1.27
01007,2010-04-01,10.6,0.70
01007,2010-05-01,10.4,0.23
01007,2010-06-01,13.1,0.53
01007,2010-07-01,11,0.67
01007,2010-08-01,11,0.87
01007,2010-09-01,10.9,0.13
01007,2010-10-01,10.7,0.03
01007,2010-11-01,10.9,0.00
01007,2010-12-01,10.6,0.00
01007,2011-01-01,11.3,0.20
01007,2011-02-01,11.2,0.30
01007,2011-03-01,10.8,0.37
01007,2011-04-01,10.3,0.03
01007,2011-05-01,10.2,0.00
01007,2011-06-01,11.2,0.13
01007,2011-07-01,11.3,0.47
01007,2011-08-01,10.8,0.67
01007,2011-09-01,10.3,0.37
01007,2011-10-01,9.7,0.00
01007,2011-11-01,9.1,0.00
01007,2011-12-01,8.8,0.00
01007,2012-01-01,9.4,0.00
01007,2012-02-01,9.3,0.07
01007,2012-03-01,8.9,0.10
01007,2012-04-01,8.7,0.00
01007,2012-05-01,8.5,0.00
01007,2012-06-01,9.3,0.13
01007,2012-07-01,9.3,0.33
01007,2012-08-01,8.9,0.47
01007,2012-09-01,8.4,0.17
01007,2012-10-01,8.4,0.00
01007,2012-11-01,8,0.00
01007,2012-12-01,8,0.00
01007,2013-01-01,8.9,0.17
01007,2013-02-01,8.8,0.43
01007,2013-03-01,8,0.43
01007,2013-04-01,7.6,0.00
01007,2013-05-01,7.8,0.00
01007,2013-06-01,8.5,0.17
01007,2013-07-01,8.6,0.50
01007,2013-08-01,8.4,0.70
01007,2013-09-01,7.9,0.50
01007,2013-10-01,7.8,0.23
01007,2013-11-01,7.3,0.00
01007,2013-12-01,7.4,0.00
01007,2014-01-01,7.9,0.03
01007,2014-02-01,8,0.27
01007,2014-03-01,7.6,0.33
01007,2014-04-01,6.8,0.00
01007,2014-05-01,6.8,0.00
01007,2014-06-01,7.3,0.00
01007,2014-07-01,7.8,0.33
01007,2014-08-01,7.5,0.57
01007,2014-09-01,7,0.47
01007,2014-10-01,6.7,0.10
01007,2014-11-01,6.5,0.00
01007,2014-12-01,6.2,0.00
01007,2015-01-01,7.1,0.13
01007,2015-02-01,6.8,0.23
01007,2015-03-01,6.4,0.30
01007,2015-04-01,6.3,0.03
01007,2015-05-01,6.5,0.00
01007,2015-06-01,6.8,0.13
01007,2015-07-01,6.9,0.33
01007,2015-08-01,6.7,0.40
01007,2015-09-01,6.4,0.27
01007,2015-10-01,6.4,0.10
01007,2015-11-01,6.4,0.00
01007,2015-12-01,6.6,0.07
01007,2016-01-01,7,0.27
01007,2016-02-01,6.7,0.37
01007,2016-03-01,6.5,0.33
01007,2016-04-01,5.8,0.00
01007,2016-05-01,5.7,0.00
01007,2016-06-01,6.6,0.03
01007,2016-07-01,6.5,0.27
01007,2016-08-01,6.4,0.50
01007,2016-09-01,6.6,0.50
01007,2016-10-01,6.4,0.47
01007,2016-11-01,5.8,0.27
01007,2016-12-01,5.6,0.00
01007,2017-01-01,6,0.00
01007,2017-02-01,5.7,0.00
01007,2017-03-01,4.9,0.00
01007,2017-04-01,4.2,0.00
01007,2017-05-01,4.1,0.00
01007,2017-06-01,4.8,0.00
01007,2017-07-01,4.7,0.17
01007,2017-08-01,4.3,0.23
01007,2017-09-01,3.9,0.00
01007,2017-10-01,3.7,0.00
01007,2017-11-01,3.5,0.00
01007,2017-12-01,3.4,0.00
01007,2018-01-01,4.2,0.17
01007,2018-02-01,4.1,0.37
01007,2018-03-01,3.8,0.50
01007,2018-04-01,3.5,0.27
01007,2018-05-01,3.7,0.13
01007,2018-06-01,4.4,0.33
01007,2018-07-01,4.1,0.53
01007,2018-08-01,4,0.63
01007,2018-09-01,3.7,0.40
01007,2018-10-01,4,0.37
01007,2018-11-01,3.7,0.27
01007,2018-12-01,3.7,0.27
01007,2019-01-01,4.3,0.23
01007,2019-02-01,3.9,0.30
01007,2019-03-01,3.6,0.27
01007,2019-04-01,3,0.00
01007,2019-05-01,2.7,0.00
01007,2019-06-01,3.4,0.00
01007,2019-07-01,3.3,0.10
01007,2019-08-01,3.3,0.30
01007,2019-09-01,2.8,0.10
01007,2019-10-01,2.7,0.00
01007,2019-11-01,2.7,0.00
01007,2019-12-01,2.8,0.00
01007,2020-01-01,3.7,0.33
01007,2020-02-01,3.5,0.60
01007,2020-03-01,3.8,0.93
01007,2020-04-01,17.6,5.57
01007,2020-05-01,12,8.40
01007,2020-06-01,9.6,10.33
01007,2020-07-01,8.4,7.27
01007,2020-08-01,6.9,5.57
01007,2020-09-01,6.2,4.43
01007,2020-10-01,5.1,3.33
01007,2020-11-01,4.9,2.67
01007,2020-12-01,4.6,2.13
01007,2021-01-01,4.7,1.67
01007,2021-02-01,4.2,1.17
01007,2021-03-01,3.7,0.53
01007,2021-04-01,3.4,0.00
01007,2021-05-01,3.3,0.00
01007,2021-06-01,4.1,0.13
01007,2021-07-01,3.7,0.23
01007,2021-08-01,3.5,0.30
01007,2021-09-01,3,0.00
01007,2021-10-01,2.6,0.00
01007,2021-11-01,2.4,0.00
01007,2021-12-01,2.2,0.00
01007,2022-01-01,2.8,0.07
01007,2022-02-01,2.7,0.17
01007,2022-03-01,2.2,0.17
01007,2022-04-01,1.9,0.00
01007,2022-05-01,1.9,0.00
01007,2022-06-01,2.8,0.20
01007,2022-07-01,2.7,0.47
01007,2022-08-01,2.8,0.77
01007,2022-09-01,2.4,0.63
01007,2022-10-01,2.3,0.50
01007,2022-11-01,2.1,0.27
01007,2022-12-01,2,0.13
01007,2023-01-01,2.5,0.20
01007,2023-02-01,2.5,0.33
01007,2023-03-01,1.9,0.30
01007,2023-04-01,1.6,0.00
01007,2023-05-01,2,0.00
01007,2023-06-01,2.9,0.33
01007,2023-07-01,2.7,0.70
01007,2023-08-01,2.8,0.97
01007,2023-09-01,2.5,0.83
01007,2023-10-01,2.4,0.73
01007,2023-11-01,2.5,0.63
01007,2023-12-01,2.4,0.60
01007,2024-01-01,2.9,0.77
01007,2024-02-01,3.2,1.00
01007,2024-03-01,2.8,1.13
01007,2024-04-01,2.2,0.90
01007,2024-05-01,2.3,0.60
01007,2024-06-01,3.2,0.40
01007,2024-07-01,3.4,0.53
01007,2024-08-01,3.3,0.87
01007,2024-09-01,3,0.80
01007,2024-10-01,3.2,0.73
01007,2024-11-01,3.5,0.80
01007,2024-12-01,3.2,0.87
01007,2025-01-01,3.5,0.97
01007,2025-02-01,3.5,0.97
01007,2025-03-01,3.3,1.00
01007,2025-04-01,2.5,0.67
01007,2025-05-01,2.7,0.40
01007,2025-06-01,3,0.17
01007,2025-07-01,2.6,0.03
01007,2025-08-01,2.5,0.00
01009,1990-01-01,5.3,NaN
01009,1990-02-01,5.8,NaN
01009,1990-03-01,10.7,NaN
01009,1990-04-01,5.7,NaN
01009,1990-05-01,5.3,NaN
01009,1990-06-01,5.8,NaN
01009,1990-07-01,5.7,NaN
01009,1990-08-01,6.6,NaN
01009,1990-09-01,6.3,NaN
01009,1990-10-01,6.3,NaN
01009,1990-11-01,6.3,NaN
01009,1990-12-01,6.2,NaN
01009,1991-01-01,6.8,NaN
01009,1991-02-01,6.2,NaN
01009,1991-03-01,5.7,0.63
01009,1991-04-01,5.3,0.13
01009,1991-05-01,6,0.07
01009,1991-06-01,6.6,0.37
01009,1991-07-01,5.4,0.40
01009,1991-08-01,5.7,0.23
01009,1991-09-01,5.2,0.00
01009,1991-10-01,5.3,0.00
01009,1991-11-01,5.3,0.00
01009,1991-12-01,5.2,0.00
01009,1992-01-01,6.3,0.33
01009,1992-02-01,6.8,0.83
01009,1992-03-01,6.5,1.27
01009,1992-04-01,6.2,1.23
01009,1992-05-01,6.2,1.03
01009,1992-06-01,7.1,1.23
01009,1992-07-01,6.7,1.40
01009,1992-08-01,6.4,1.47
01009,1992-09-01,6.2,1.17
01009,1992-10-01,5.1,0.63
01009,1992-11-01,5.2,0.23
01009,1992-12-01,5.4,0.00
01009,1993-01-01,6.2,0.37
01009,1993-02-01,6.1,0.67
01009,1993-03-01,5.9,0.83
01009,1993-04-01,5,0.43
01009,1993-05-01,5.4,0.20
01009,1993-06-01,5.9,0.20
01009,1993-07-01,5.2,0.27
01009,1993-08-01,5,0.13
01009,1993-09-01,4.9,0.00
01009,1993-10-01,4.8,0.00
01009,1993-11-01,4.5,0.00
01009,1993-12-01,4.1,0.00
01009,1994-01-01,4.6,0.00
01009,1994-02-01,4.5,0.00
01009,1994-03-01,4,0.00
01009,1994-04-01,3.8,0.00
01009,1994-05-01,3.7,0.00
01009,1994-06-01,4.7,0.23
01009,1994-07-01,4.4,0.43
01009,1994-08-01,4.6,0.73
01009,1994-09-01,4,0.50
01009,1994-10-01,3.8,0.30
01009,1994-11-01,3.9,0.07
01009,1994-12-01,4.2,0.13
01009,1995-01-01,5.3,0.63
01009,1995-02-01,5.5,1.17
01009,1995-03-01,4.4,1.23
01009,1995-04-01,4.4,0.93
01009,1995-05-01,4,0.43
01009,1995-06-01,5.1,0.60
01009,1995-07-01,4.1,0.50
01009,1995-08-01,4.6,0.70
01009,1995-09-01,4.1,0.37
01009,1995-10-01,3.7,0.23
01009,1995-11-01,3.8,0.00
01009,1995-12-01,3.8,0.00
01009,1996-01-01,4.2,0.17
01009,1996-02-01,4.1,0.27
01009,1996-03-01,3.8,0.27
01009,1996-04-01,3.2,0.00
01009,1996-05-01,3.2,0.00
01009,1996-06-01,3.4,0.00
01009,1996-07-01,3.1,0.00
01009,1996-08-01,3.1,0.00
01009,1996-09-01,2.7,0.00
01009,1996-10-01,2.5,0.00
01009,1996-11-01,3,0.00
01009,1996-12-01,2.9,0.07
01009,1997-01-01,3.5,0.40
01009,1997-02-01,3,0.40
01009,1997-03-01,2.8,0.37
01009,1997-04-01,2.6,0.07
01009,1997-05-01,2.6,0.00
01009,1997-06-01,3.1,0.10
01009,1997-07-01,3.2,0.30
01009,1997-08-01,3.5,0.60
01009,1997-09-01,3,0.57
01009,1997-10-01,2.8,0.43
01009,1997-11-01,2.8,0.20
01009,1997-12-01,2.8,0.13
01009,1998-01-01,3.3,0.30
01009,1998-02-01,3.5,0.53
01009,1998-03-01,3.1,0.63
01009,1998-04-01,2.6,0.40
01009,1998-05-01,3,0.23
01009,1998-06-01,4,0.43
01009,1998-07-01,3.8,0.80
01009,1998-08-01,3.9,1.10
01009,1998-09-01,3.9,1.07
01009,1998-10-01,3.3,0.90
01009,1998-11-01,2.7,0.50
01009,1998-12-01,2.7,0.10
01009,1999-01-01,3.2,0.00
01009,1999-02-01,3.2,0.17
01009,1999-03-01,3,0.27
01009,1999-04-01,2.7,0.10
01009,1999-05-01,2.3,0.00
01009,1999-06-01,2.9,0.00
01009,1999-07-01,2.8,0.03
01009,1999-08-01,2.7,0.17
01009,1999-09-01,3.1,0.23
01009,1999-10-01,2.7,0.20
01009,1999-11-01,2.6,0.17
01009,1999-12-01,2.3,0.00
01009,2000-01-01,3.8,0.37
01009,2000-02-01,3.7,0.73
01009,2000-03-01,3.5,1.13
01009,2000-04-01,3,0.87
01009,2000-05-01,3.4,0.77
01009,2000-06-01,3.9,0.90
01009,2000-07-01,3.8,1.17
01009,2000-08-01,3.9,1.33
01009,2000-09-01,3.5,1.20
01009,2000-10-01,3.7,1.17
01009,2000-11-01,3.3,0.97
01009,2000-12-01,3,0.80
01009,2001-01-01,3.5,0.37
01009,2001-02-01,3.6,0.10
01009,2001-03-01,3.5,0.27
01009,2001-04-01,3,0.10
01009,2001-05-01,3,0.00
01009,2001-06-01,3.9,0.13
01009,2001-07-01,3.6,0.33
01009,2001-08-01,3.8,0.60
01009,2001-09-01,3.7,0.53
01009,2001-10-01,3.8,0.60
01009,2001-11-01,4.1,0.70
01009,2001-12-01,3.8,0.73
01009,2002-01-01,4.2,0.87
01009,2002-02-01,6.1,1.53
01009,2002-03-01,5.8,2.20
01009,2002-04-01,5.4,2.60
01009,2002-05-01,5.2,2.30
01009,2002-06-01,5.9,2.20
01009,2002-07-01,5.8,2.13
01009,2002-08-01,5.4,2.00
01009,2002-09-01,5.5,1.87
01009,2002-10-01,5.2,1.60
01009,2002-11-01,5.1,1.40
01009,2002-12-01,5,1.20
01009,2003-01-01,5.3,1.10
01009,2003-02-01,5.4,0.53
01009,2003-03-01,4.7,0.03
01009,2003-04-01,4.2,0.00
01009,2003-05-01,4.2,0.00
01009,2003-06-01,4.8,0.03
01009,2003-07-01,4.4,0.10
01009,2003-08-01,4.7,0.27
01009,2003-09-01,4.5,0.17
01009,2003-10-01,4.3,0.13
01009,2003-11-01,4.3,0.00
01009,2003-12-01,4.1,0.00
01009,2004-01-01,4.4,0.03
01009,2004-02-01,4.4,0.07
01009,2004-03-01,4.6,0.23
01009,2004-04-01,4,0.10
01009,2004-05-01,3.9,0.00
01009,2004-06-01,4.4,0.00
01009,2004-07-01,4.2,0.07
01009,2004-08-01,4.3,0.20
01009,2004-09-01,3.9,0.03
01009,2004-10-01,4,0.00
01009,2004-11-01,3.7,0.00
01009,2004-12-01,3.8,0.00
01009,2005-01-01,4.5,0.17
01009,2005-02-01,4.4,0.40
01009,2005-03-01,3.9,0.43
01009,2005-04-01,3.5,0.10
01009,2005-05-01,3.4,0.00
01009,2005-06-01,3.9,0.00
01009,2005-07-01,3.5,0.00
01009,2005-08-01,3.4,0.00
01009,2005-09-01,3.2,0.00
01009,2005-10-01,3.2,0.00
01009,2005-11-01,3,0.00
01009,2005-12-01,3.1,0.00
01009,2006-01-01,3.6,0.13
01009,2006-02-01,3.7,0.37
01009,2006-03-01,3.3,0.43
01009,2006-04-01,2.9,0.20
01009,2006-05-01,3,0.00
01009,2006-06-01,3.5,0.07
01009,2006-07-01,3.5,0.27
01009,2006-08-01,3.4,0.40
01009,2006-09-01,3.1,0.27
01009,2006-10-01,2.8,0.03
01009,2006-11-01,2.9,0.00
01009,2006-12-01,2.9,0.00
01009,2007-01-01,3.4,0.20
01009,2007-02-01,3.5,0.40
01009,2007-03-01,2.9,0.40
01009,2007-04-01,2.6,0.13
01009,2007-05-01,2.7,0.00
01009,2007-06-01,3.3,0.13
01009,2007-07-01,3.3,0.37
01009,2007-08-01,3.3,0.57
01009,2007-09-01,3.5,0.63
01009,2007-10-01,3.3,0.63
01009,2007-11-01,3.4,0.67
01009,2007-12-01,3.8,0.77
01009,2008-01-01,4.1,1.03
01009,2008-02-01,4,1.23
01009,2008-03-01,4.1,1.33
01009,2008-04-01,3.7,1.20
01009,2008-05-01,4.2,1.27
01009,2008-06-01,5.1,1.47
01009,2008-07-01,5.1,1.70
01009,2008-08-01,5.1,1.80
01009,2008-09-01,5.3,1.80
01009,2008-10-01,5.2,1.83
01009,2008-11-01,5.8,2.03
01009,2008-12-01,6.6,2.37
01009,2009-01-01,7.4,2.83
01009,2009-02-01,8.3,3.50
01009,2009-03-01,8.3,4.07
01009,2009-04-01,7.5,4.10
01009,2009-05-01,8,3.93
01009,2009-06-01,9,3.83
01009,2009-07-01,9.1,3.90
01009,2009-08-01,9.6,4.13
01009,2009-09-01,9.8,4.33
01009,2009-10-01,9.6,4.47
01009,2009-11-01,9.5,4.20
01009,2009-12-01,10,3.83
01009,2010-01-01,10.9,3.53
01009,2010-02-01,10.7,3.10
01009,2010-03-01,10.4,2.73
01009,2010-04-01,9.5,2.27
01009,2010-05-01,9.3,1.80
01009,2010-06-01,9.8,1.37
01009,2010-07-01,9.5,0.83
01009,2010-08-01,9.4,0.33
01009,2010-09-01,9.1,0.00
01009,2010-10-01,9.7,0.07
01009,2010-11-01,9.2,0.00
01009,2010-12-01,8.9,0.00
01009,2011-01-01,9.7,0.00
01009,2011-02-01,9.6,0.13
01009,2011-03-01,9.1,0.20
01009,2011-04-01,8.4,0.00
01009,2011-05-01,8.4,0.00
01009,2011-06-01,9.3,0.07
01009,2011-07-01,8.9,0.23
01009,2011-08-01,8.5,0.27
01009,2011-09-01,8.5,0.00
01009,2011-10-01,8,0.00
01009,2011-11-01,7.6,0.00
01009,2011-12-01,7.5,0.00
01009,2012-01-01,8,0.00
01009,2012-02-01,7.9,0.10
01009,2012-03-01,7.2,0.00
01009,2012-04-01,6.6,0.00
01009,2012-05-01,6.9,0.00
01009,2012-06-01,7.6,0.13
01009,2012-07-01,7.4,0.40
01009,2012-08-01,7.2,0.50
01009,2012-09-01,6.6,0.17
01009,2012-10-01,6.7,0.00
01009,2012-11-01,6.3,0.00
01009,2012-12-01,6.4,0.00
01009,2013-01-01,7.2,0.17
01009,2013-02-01,6.9,0.37
01009,2013-03-01,6.2,0.30
01009,2013-04-01,5.7,0.00
01009,2013-05-01,5.7,0.00
01009,2013-06-01,6.9,0.23
01009,2013-07-01,6.4,0.47
01009,2013-08-01,6.7,0.80
01009,2013-09-01,6.4,0.63
01009,2013-10-01,6.4,0.63
01009,2013-11-01,6.1,0.43
01009,2013-12-01,6.2,0.37
01009,2014-01-01,7.4,0.70
01009,2014-02-01,7.1,1.03
01009,2014-03-01,6.7,1.20
01009,2014-04-01,5.8,0.67
01009,2014-05-01,5.9,0.27
01009,2014-06-01,6.4,0.00
01009,2014-07-01,6.3,0.17
01009,2014-08-01,6.2,0.27
01009,2014-09-01,5.5,0.00
01009,2014-10-01,5.4,0.00
01009,2014-11-01,5.3,0.00
01009,2014-12-01,5.2,0.00
01009,2015-01-01,5.9,0.17
01009,2015-02-01,5.8,0.33
01009,2015-03-01,5.4,0.40
01009,2015-04-01,5.1,0.13
01009,2015-05-01,5.4,0.00
01009,2015-06-01,5.6,0.07
01009,2015-07-01,5.6,0.23
01009,2015-08-01,5.5,0.27
01009,2015-09-01,5.2,0.13
01009,2015-10-01,5.1,0.00
01009,2015-11-01,5.1,0.00
01009,2015-12-01,5.1,0.00
01009,2016-01-01,5.7,0.20
01009,2016-02-01,5.7,0.40
01009,2016-03-01,5.4,0.50
01009,2016-04-01,4.9,0.23
01009,2016-05-01,4.8,0.00
01009,2016-06-01,5.5,0.03
01009,2016-07-01,5.3,0.17
01009,2016-08-01,5.3,0.33
01009,2016-09-01,5.2,0.23
01009,2016-10-01,5.2,0.20
01009,2016-11-01,4.7,0.00
01009,2016-12-01,4.9,0.00
01009,2017-01-01,5.4,0.07
01009,2017-02-01,5.1,0.20
01009,2017-03-01,4.5,0.07
01009,2017-04-01,3.9,0.00
01009,2017-05-01,3.7,0.00
01009,2017-06-01,4.3,0.00
01009,2017-07-01,4,0.03
01009,2017-08-01,4,0.13
01009,2017-09-01,3.5,0.00
01009,2017-10-01,3.4,0.00
01009,2017-11-01,3.3,0.00
01009,2017-12-01,3.2,0.00
01009,2018-01-01,3.8,0.13
01009,2018-02-01,3.7,0.27
01009,2018-03-01,3.5,0.37
01009,2018-04-01,3.1,0.13
01009,2018-05-01,3,0.00
01009,2018-06-01,4,0.17
01009,2018-07-01,3.6,0.33
01009,2018-08-01,3.7,0.57
01009,2018-09-01,3.3,0.33
01009,2018-10-01,3.3,0.23
01009,2018-11-01,3,0.00
01009,2018-12-01,3.1,0.00
01009,2019-01-01,3.8,0.17
01009,2019-02-01,3.3,0.27
01009,2019-03-01,3.1,0.27
01009,2019-04-01,2.4,0.00
01009,2019-05-01,2.3,0.00
01009,2019-06-01,2.9,0.00
01009,2019-07-01,2.8,0.13
01009,2019-08-01,2.8,0.30
01009,2019-09-01,2.5,0.17
01009,2019-10-01,2.4,0.03
01009,2019-11-01,2.4,0.00
01009,2019-12-01,2.5,0.00
01009,2020-01-01,3.2,0.27
01009,2020-02-01,2.9,0.43
01009,2020-03-01,3.3,0.70
01009,2020-04-01,9.1,2.67
01009,2020-05-01,7,4.03
01009,2020-06-01,6.2,5.00
01009,2020-07-01,5.2,3.70
01009,2020-08-01,3.9,2.67
01009,2020-09-01,3.6,1.80
01009,2020-10-01,2.9,1.03
01009,2020-11-01,2.8,0.67
01009,2020-12-01,2.6,0.33
01009,2021-01-01,2.9,0.07
01009,2021-02-01,2.7,0.00
01009,2021-03-01,2.5,0.00
01009,2021-04-01,2.4,0.00
01009,2021-05-01,2,0.00
01009,2021-06-01,2.7,0.07
01009,2021-07-01,2.4,0.07
01009,2021-08-01,2.4,0.20
01009,2021-09-01,2,0.00
01009,2021-10-01,1.9,0.00
01009,2021-11-01,1.8,0.00
01009,2021-12-01,1.6,0.00
01009,2022-01-01,2.5,0.20
01009,2022-02-01,2.4,0.40
01009,2022-03-01,2,0.53
01009,2022-04-01,1.7,0.27
01009,2022-05-01,1.8,0.07
01009,2022-06-01,2.6,0.27
01009,2022-07-01,2.3,0.47
01009,2022-08-01,2.3,0.63
01009,2022-09-01,2,0.43
01009,2022-10-01,2,0.33
01009,2022-11-01,1.8,0.17
01009,2022-12-01,1.6,0.03
01009,2023-01-01,2.1,0.03
01009,2023-02-01,2.1,0.13
01009,2023-03-01,1.8,0.20
01009,2023-04-01,1.5,0.00
01009,2023-05-01,1.7,0.00
01009,2023-06-01,2.2,0.13
01009,2023-07-01,2.2,0.37
01009,2023-08-01,2.3,0.57
01009,2023-09-01,2.2,0.57
01009,2023-10-01,2.1,0.53
01009,2023-11-01,2,0.43
01009,2023-12-01,2.1,0.40
01009,2024-01-01,2.8,0.63
01009,2024-02-01,2.8,0.90
01009,2024-03-01,2.5,1.03
01009,2024-04-01,2.1,0.80
01009,2024-05-01,2.1,0.57
01009,2024-06-01,2.8,0.53
01009,2024-07-01,2.9,0.57
01009,2024-08-01,3.1,0.87
01009,2024-09-01,2.7,0.83
01009,2024-10-01,2.7,0.77
01009,2024-11-01,2.8,0.67
01009,2024-12-01,2.8,0.70
01009,2025-01-01,3,0.63
01009,2025-02-01,3,0.70
01009,2025-03-01,3,0.77
01009,2025-04-01,2.3,0.53
01009,2025-05-01,2.3,0.30
01009,2025-06-01,2.5,0.03
01009,2025-07-01,2.3,0.00
01009,2025-08-01,2.1,0.00