"date","sahm","recession","category","value"
1975-01-01,2.37,1,"black",8.13333333333333
1975-01-01,2.37,1,"white",1.6
1975-01-01,2.37,1,"asian",NA
1975-01-01,2.37,1,"hispanic",4.56666666666667
1975-02-01,2.77,1,"black",8.76666666666667
1975-02-01,2.77,1,"white",2.53333333333333
1975-02-01,2.77,1,"asian",NA
1975-02-01,2.77,1,"hispanic",5.96666666666667
1975-03-01,3.27,1,"black",9.43333333333333
1975-03-01,3.27,1,"white",3.3
1975-03-01,3.27,1,"asian",NA
1975-03-01,3.27,1,"hispanic",7.26666666666667
1975-04-01,3.5,0,"black",9.83333333333333
1975-04-01,3.5,0,"white",3.16666666666667
1975-04-01,3.5,0,"asian",NA
1975-04-01,3.5,0,"hispanic",7.63333333333333
1975-05-01,3.83,0,"black",9.96666666666667
1975-05-01,3.83,0,"white",2.8
1975-05-01,3.83,0,"asian",NA
1975-05-01,3.83,0,"hispanic",7.83333333333333
1975-06-01,3.77,0,"black",9.8
1975-06-01,3.77,0,"white",2.63333333333333
1975-06-01,3.77,0,"asian",NA
1975-06-01,3.77,0,"hispanic",7.5
1975-07-01,3.5,0,"black",9.26666666666667
1975-07-01,3.5,0,"white",2.5
1975-07-01,3.5,0,"asian",NA
1975-07-01,3.5,0,"hispanic",7.13333333333333
1975-08-01,3.17,0,"black",9.13333333333333
1975-08-01,3.17,0,"white",2.23333333333333
1975-08-01,3.17,0,"asian",NA
1975-08-01,3.17,0,"hispanic",6.3
1975-09-01,2.87,0,"black",9.1
1975-09-01,2.87,0,"white",1.73333333333333
1975-09-01,2.87,0,"asian",NA
1975-09-01,2.87,0,"hispanic",5.93333333333333
1975-10-01,2.7,0,"black",9
1975-10-01,2.7,0,"white",1.1
1975-10-01,2.7,0,"asian",NA
1975-10-01,2.7,0,"hispanic",5.36666666666667
1975-11-01,2.27,0,"black",8.36666666666667
1975-11-01,2.27,0,"white",0.566666666666666
1975-11-01,2.27,0,"asian",NA
1975-11-01,2.27,0,"hispanic",5.06666666666667
1975-12-01,1.8,0,"black",7.36666666666667
1975-12-01,1.8,0,"white",-0.2
1975-12-01,1.8,0,"asian",NA
1975-12-01,1.8,0,"hispanic",4.46666666666667
1976-01-01,0.93,0,"black",6.66666666666667
1976-01-01,0.93,0,"white",-0.366666666666667
1976-01-01,0.93,0,"asian",NA
1976-01-01,0.93,0,"hispanic",4.3
1976-02-01,0.2,0,"black",6.46666666666667
1976-02-01,0.2,0,"white",-0.233333333333333
1976-02-01,0.2,0,"asian",NA
1976-02-01,0.2,0,"hispanic",4.2
1976-03-01,-0.27,0,"black",6.33333333333333
1976-03-01,-0.27,0,"white",0.0666666666666664
1976-03-01,-0.27,0,"asian",NA
1976-03-01,-0.27,0,"hispanic",4.3
1976-04-01,-0.1,0,"black",6.23333333333333
1976-04-01,-0.1,0,"white",-0.333333333333333
1976-04-01,-0.1,0,"asian",NA
1976-04-01,-0.1,0,"hispanic",4.2
1976-05-01,-0.1,0,"black",5.93333333333333
1976-05-01,-0.1,0,"white",-0.833333333333333
1976-05-01,-0.1,0,"asian",NA
1976-05-01,-0.1,0,"hispanic",3.56666666666667
1976-06-01,0,0,"black",6.2
1976-06-01,0,0,"white",-0.933333333333334
1976-06-01,0,0,"asian",NA
1976-06-01,0,0,"hispanic",3.46666666666667
1976-07-01,0.1,0,"black",6.23333333333333
1976-07-01,0.1,0,"white",-0.833333333333333
1976-07-01,0.1,0,"asian",NA
1976-07-01,0.1,0,"hispanic",3.53333333333333
1976-08-01,0.3,0,"black",6.6
1976-08-01,0.3,0,"white",-0.6
1976-08-01,0.3,0,"asian",NA
1976-08-01,0.3,0,"hispanic",4.3
1976-09-01,0.4,0,"black",6.4
1976-09-01,0.4,0,"white",-0.733333333333333
1976-09-01,0.4,0,"asian",NA
1976-09-01,0.4,0,"hispanic",4.16666666666667
1976-10-01,0.43,0,"black",6.4
1976-10-01,0.43,0,"white",-0.899999999999999
1976-10-01,0.43,0,"asian",NA
1976-10-01,0.43,0,"hispanic",3.53333333333333
1976-11-01,0.5,0,"black",6.3
1976-11-01,0.5,0,"white",-0.933333333333333
1976-11-01,0.5,0,"asian",NA
1976-11-01,0.5,0,"hispanic",3.26666666666667
1976-12-01,0.47,0,"black",6.43333333333333
1976-12-01,0.47,0,"white",-0.933333333333333
1976-12-01,0.47,0,"asian",NA
1976-12-01,0.47,0,"hispanic",3.5
1977-01-01,0.27,0,"black",6.4
1977-01-01,0.27,0,"white",-0.566666666666666
1977-01-01,0.27,0,"asian",NA
1977-01-01,0.27,0,"hispanic",4.1
1977-02-01,0.1,0,"black",6.46666666666667
1977-02-01,0.1,0,"white",-0.2
1977-02-01,0.1,0,"asian",NA
1977-02-01,0.1,0,"hispanic",4.5
1977-03-01,-0.07,0,"black",6.46666666666667
1977-03-01,-0.07,0,"white",0.0333333333333332
1977-03-01,-0.07,0,"asian",NA
1977-03-01,-0.07,0,"hispanic",4.53333333333333
1977-04-01,-0.1,0,"black",6.23333333333333
1977-04-01,-0.1,0,"white",-0.333333333333334
1977-04-01,-0.1,0,"asian",NA
1977-04-01,-0.1,0,"hispanic",3.86666666666667
1977-05-01,-0.2,0,"black",6.2
1977-05-01,-0.2,0,"white",-0.833333333333333
1977-05-01,-0.2,0,"asian",NA
1977-05-01,-0.2,0,"hispanic",3
1977-06-01,-0.07,0,"black",6.26666666666667
1977-06-01,-0.07,0,"white",-0.966666666666667
1977-06-01,-0.07,0,"asian",NA
1977-06-01,-0.07,0,"hispanic",2.63333333333333
1977-07-01,-0.03,0,"black",6.73333333333333
1977-07-01,-0.03,0,"white",-0.933333333333334
1977-07-01,-0.03,0,"asian",NA
1977-07-01,-0.03,0,"hispanic",2.8
1977-08-01,0.07,0,"black",7.26666666666667
1977-08-01,0.07,0,"white",-0.866666666666666
1977-08-01,0.07,0,"asian",NA
1977-08-01,0.07,0,"hispanic",2.83333333333333
1977-09-01,0,0,"black",7.6
1977-09-01,0,0,"white",-1
1977-09-01,0,0,"asian",NA
1977-09-01,0,0,"hispanic",2.6
1977-10-01,0.03,0,"black",7.83333333333333
1977-10-01,0.03,0,"white",-1.13333333333333
1977-10-01,0.03,0,"asian",NA
1977-10-01,0.03,0,"hispanic",2.06666666666667
1977-11-01,-0.03,0,"black",7.76666666666667
1977-11-01,-0.03,0,"white",-1.16666666666667
1977-11-01,-0.03,0,"asian",NA
1977-11-01,-0.03,0,"hispanic",2
1977-12-01,-0.13,0,"black",7.6
1977-12-01,-0.13,0,"white",-1.23333333333333
1977-12-01,-0.13,0,"asian",NA
1977-12-01,-0.13,0,"hispanic",2.06666666666667
1978-01-01,-0.17,0,"black",7.53333333333333
1978-01-01,-0.17,0,"white",-0.866666666666666
1978-01-01,-0.17,0,"asian",NA
1978-01-01,-0.17,0,"hispanic",2.76666666666667
1978-02-01,-0.2,0,"black",7.16666666666667
1978-02-01,-0.2,0,"white",-0.533333333333334
1978-02-01,-0.2,0,"asian",NA
1978-02-01,-0.2,0,"hispanic",3.53333333333333
1978-03-01,-0.07,0,"black",7.03333333333333
1978-03-01,-0.07,0,"white",-0.3
1978-03-01,-0.07,0,"asian",NA
1978-03-01,-0.07,0,"hispanic",3.8
1978-04-01,-0.1,0,"black",6.8
1978-04-01,-0.1,0,"white",-0.600000000000001
1978-04-01,-0.1,0,"asian",NA
1978-04-01,-0.1,0,"hispanic",3.4
1978-05-01,0,0,"black",6.86666666666667
1978-05-01,0,0,"white",-0.966666666666666
1978-05-01,0,0,"asian",NA
1978-05-01,0,0,"hispanic",2.93333333333333
1978-06-01,-0.17,0,"black",6.9
1978-06-01,-0.17,0,"white",-1
1978-06-01,-0.17,0,"asian",NA
1978-06-01,-0.17,0,"hispanic",2.93333333333333
1978-07-01,0.07,0,"black",6.93333333333333
1978-07-01,0.07,0,"white",-0.9
1978-07-01,0.07,0,"asian",NA
1978-07-01,0.07,0,"hispanic",3.43333333333333
1978-08-01,0,0,"black",6.7
1978-08-01,0,0,"white",-0.8
1978-08-01,0,0,"asian",NA
1978-08-01,0,0,"hispanic",3.43333333333333
1978-09-01,0.1,0,"black",6.4
1978-09-01,0.1,0,"white",-0.866666666666667
1978-09-01,0.1,0,"asian",NA
1978-09-01,0.1,0,"hispanic",3.16666666666667
1978-10-01,-0.03,0,"black",6.1
1978-10-01,-0.03,0,"white",-0.966666666666667
1978-10-01,-0.03,0,"asian",NA
1978-10-01,-0.03,0,"hispanic",2.43333333333333
1978-11-01,-0.03,0,"black",6.23333333333333
1978-11-01,-0.03,0,"white",-1.03333333333333
1978-11-01,-0.03,0,"asian",NA
1978-11-01,-0.03,0,"hispanic",2.1
1978-12-01,0,0,"black",6.4
1978-12-01,0,0,"white",-1.06666666666667
1978-12-01,0,0,"asian",NA
1978-12-01,0,0,"hispanic",2.23333333333333
1979-01-01,0,0,"black",6.6
1979-01-01,0,0,"white",-0.733333333333333
1979-01-01,0,0,"asian",NA
1979-01-01,0,0,"hispanic",2.66666666666667
1979-02-01,-0.03,0,"black",6.73333333333333
1979-02-01,-0.03,0,"white",-0.466666666666667
1979-02-01,-0.03,0,"asian",NA
1979-02-01,-0.03,0,"hispanic",2.76666666666667
1979-03-01,-0.07,0,"black",6.8
1979-03-01,-0.07,0,"white",-0.300000000000001
1979-03-01,-0.07,0,"asian",NA
1979-03-01,-0.07,0,"hispanic",2.53333333333333
1979-04-01,0,0,"black",7
1979-04-01,0,0,"white",-0.6
1979-04-01,0,0,"asian",NA
1979-04-01,0,0,"hispanic",2.23333333333333
1979-05-01,0.03,0,"black",6.86666666666667
1979-05-01,0.03,0,"white",-0.866666666666666
1979-05-01,0.03,0,"asian",NA
1979-05-01,0.03,0,"hispanic",2.1
1979-06-01,0,0,"black",6.8
1979-06-01,0,0,"white",-0.933333333333334
1979-06-01,0,0,"asian",NA
1979-06-01,0,0,"hispanic",2.3
1979-07-01,-0.03,0,"black",6.56666666666667
1979-07-01,-0.03,0,"white",-0.800000000000001
1979-07-01,-0.03,0,"asian",NA
1979-07-01,-0.03,0,"hispanic",2.6
1979-08-01,0.07,0,"black",6.56666666666667
1979-08-01,0.07,0,"white",-0.566666666666667
1979-08-01,0.07,0,"asian",NA
1979-08-01,0.07,0,"hispanic",2.96666666666667
1979-09-01,0.13,0,"black",6.4
1979-09-01,0.13,0,"white",-0.600000000000001
1979-09-01,0.13,0,"asian",NA
1979-09-01,0.13,0,"hispanic",2.53333333333333
1979-10-01,0.23,0,"black",6.46666666666667
1979-10-01,0.23,0,"white",-0.633333333333334
1979-10-01,0.23,0,"asian",NA
1979-10-01,0.23,0,"hispanic",2.26666666666667
1979-11-01,0.17,0,"black",6.3
1979-11-01,0.17,0,"white",-0.733333333333333
1979-11-01,0.17,0,"asian",NA
1979-11-01,0.17,0,"hispanic",2.33333333333333
1979-12-01,0.13,0,"black",6.46666666666667
1979-12-01,0.13,0,"white",-0.733333333333333
1979-12-01,0.13,0,"asian",NA
1979-12-01,0.13,0,"hispanic",3
1980-01-01,0.23,0,"black",6.7
1980-01-01,0.23,0,"white",-0.333333333333334
1980-01-01,0.23,0,"asian",NA
1980-01-01,0.23,0,"hispanic",3.56666666666667
1980-02-01,0.3,1,"black",7.03333333333333
1980-02-01,0.3,1,"white",0.0333333333333332
1980-02-01,0.3,1,"asian",NA
1980-02-01,0.3,1,"hispanic",3.83333333333333
1980-03-01,0.4,1,"black",7.26666666666667
1980-03-01,0.4,1,"white",0.333333333333333
1980-03-01,0.4,1,"asian",NA
1980-03-01,0.4,1,"hispanic",3.93333333333333
1980-04-01,0.67,1,"black",7.53333333333333
1980-04-01,0.67,1,"white",0.266666666666667
1980-04-01,0.67,1,"asian",NA
1980-04-01,0.67,1,"hispanic",4
1980-05-01,1.27,1,"black",8.03333333333333
1980-05-01,1.27,1,"white",0.333333333333333
1980-05-01,1.27,1,"asian",NA
1980-05-01,1.27,1,"hispanic",4.03333333333333
1980-06-01,1.77,1,"black",8.6
1980-06-01,1.77,1,"white",0.666666666666667
1980-06-01,1.77,1,"asian",NA
1980-06-01,1.77,1,"hispanic",4.3
1980-07-01,2.03,1,"black",8.96666666666667
1980-07-01,2.03,1,"white",0.833333333333334
1980-07-01,2.03,1,"asian",NA
1980-07-01,2.03,1,"hispanic",4.73333333333333
1980-08-01,1.93,0,"black",8.96666666666667
1980-08-01,1.93,0,"white",0.933333333333333
1980-08-01,1.93,0,"asian",NA
1980-08-01,1.93,0,"hispanic",4.93333333333333
1980-09-01,1.83,0,"black",8.96666666666667
1980-09-01,1.83,0,"white",0.666666666666666
1980-09-01,1.83,0,"asian",NA
1980-09-01,1.83,0,"hispanic",5
1980-10-01,1.73,0,"black",8.9
1980-10-01,1.73,0,"white",0.466666666666667
1980-10-01,1.73,0,"asian",NA
1980-10-01,1.73,0,"hispanic",4.43333333333333
1980-11-01,1.7,0,"black",9.03333333333333
1980-11-01,1.7,0,"white",0.3
1980-11-01,1.7,0,"asian",NA
1980-11-01,1.7,0,"hispanic",4.13333333333333
1980-12-01,1.57,0,"black",9
1980-12-01,1.57,0,"white",0.133333333333334
1980-12-01,1.57,0,"asian",NA
1980-12-01,1.57,0,"hispanic",3.7
1981-01-01,1.4,0,"black",8.7
1981-01-01,1.4,0,"white",0.433333333333333
1981-01-01,1.4,0,"asian",NA
1981-01-01,1.4,0,"hispanic",4.2
1981-02-01,1.23,0,"black",8.46666666666667
1981-02-01,1.23,0,"white",0.666666666666667
1981-02-01,1.23,0,"asian",NA
1981-02-01,1.23,0,"hispanic",4.96666666666667
1981-03-01,1.1,0,"black",8.3
1981-03-01,1.1,0,"white",0.7
1981-03-01,1.1,0,"asian",NA
1981-03-01,1.1,0,"hispanic",5.06666666666667
1981-04-01,0.83,0,"black",7.93333333333333
1981-04-01,0.83,0,"white",-0.133333333333334
1981-04-01,0.83,0,"asian",NA
1981-04-01,0.83,0,"hispanic",3.76666666666667
1981-05-01,0.47,0,"black",7.53333333333333
1981-05-01,0.47,0,"white",-0.899999999999999
1981-05-01,0.47,0,"asian",NA
1981-05-01,0.47,0,"hispanic",2.43333333333333
1981-06-01,0.1,0,"black",7.73333333333333
1981-06-01,0.1,0,"white",-0.966666666666668
1981-06-01,0.1,0,"asian",NA
1981-06-01,0.1,0,"hispanic",2.36666666666667
1981-07-01,0,0,"black",7.83333333333333
1981-07-01,0,0,"white",-0.933333333333334
1981-07-01,0,0,"asian",NA
1981-07-01,0,0,"hispanic",2.9
1981-08-01,-0.13,1,"black",8.33333333333333
1981-08-01,-0.13,1,"white",-1
1981-08-01,-0.13,1,"asian",NA
1981-08-01,-0.13,1,"hispanic",2.93333333333333
1981-09-01,0.07,1,"black",8.4
1981-09-01,0.07,1,"white",-1.1
1981-09-01,0.07,1,"asian",NA
1981-09-01,0.07,1,"hispanic",2.46666666666667
1981-10-01,0.4,1,"black",8.96666666666667
1981-10-01,0.4,1,"white",-1.03333333333333
1981-10-01,0.4,1,"asian",NA
1981-10-01,0.4,1,"hispanic",2.23333333333333
1981-11-01,0.8,1,"black",9.13333333333333
1981-11-01,0.8,1,"white",-0.733333333333334
1981-11-01,0.8,1,"asian",NA
1981-11-01,0.8,1,"hispanic",2.63333333333333
1981-12-01,1.07,1,"black",9.56666666666666
1981-12-01,1.07,1,"white",-0.4
1981-12-01,1.07,1,"asian",NA
1981-12-01,1.07,1,"hispanic",3.36666666666667
1982-01-01,1.23,1,"black",9.76666666666667
1982-01-01,1.23,1,"white",0.266666666666666
1982-01-01,1.23,1,"asian",NA
1982-01-01,1.23,1,"hispanic",4.4
1982-02-01,1.4,1,"black",10.0666666666667
1982-02-01,1.4,1,"white",0.799999999999999
1982-02-01,1.4,1,"asian",NA
1982-02-01,1.4,1,"hispanic",5.16666666666667
1982-03-01,1.47,1,"black",10.3666666666667
1982-03-01,1.47,1,"white",1.16666666666667
1982-03-01,1.47,1,"asian",NA
1982-03-01,1.47,1,"hispanic",5.66666666666667
1982-04-01,1.77,1,"black",10.6333333333333
1982-04-01,1.77,1,"white",1
1982-04-01,1.77,1,"asian",NA
1982-04-01,1.77,1,"hispanic",5.4
1982-05-01,2,1,"black",10.9
1982-05-01,2,1,"white",0.799999999999999
1982-05-01,2,1,"asian",NA
1982-05-01,2,1,"hispanic",5.43333333333333
1982-06-01,2.17,1,"black",11.0333333333333
1982-06-01,2.17,1,"white",0.833333333333332
1982-06-01,2.17,1,"asian",NA
1982-06-01,2.17,1,"hispanic",5.8
1982-07-01,2.3,1,"black",11.2333333333333
1982-07-01,2.3,1,"white",1
1982-07-01,2.3,1,"asian",NA
1982-07-01,2.3,1,"hispanic",6.6
1982-08-01,2.4,1,"black",11.3333333333333
1982-08-01,2.4,1,"white",1.1
1982-08-01,2.4,1,"asian",NA
1982-08-01,2.4,1,"hispanic",6.9
1982-09-01,2.53,1,"black",11.5
1982-09-01,2.53,1,"white",0.866666666666666
1982-09-01,2.53,1,"asian",NA
1982-09-01,2.53,1,"hispanic",6.6
1982-10-01,2.47,1,"black",11.6333333333333
1982-10-01,2.47,1,"white",0.566666666666666
1982-10-01,2.47,1,"asian",NA
1982-10-01,2.47,1,"hispanic",6.06666666666667
1982-11-01,2.47,1,"black",11.7666666666667
1982-11-01,2.47,1,"white",0.533333333333331
1982-11-01,2.47,1,"asian",NA
1982-11-01,2.47,1,"hispanic",6.03333333333333
1982-12-01,2.37,0,"black",11.9333333333333
1982-12-01,2.37,0,"white",0.6
1982-12-01,2.37,0,"asian",NA
1982-12-01,2.37,0,"hispanic",6.3
1983-01-01,2.13,0,"black",12.1
1983-01-01,2.13,0,"white",0.933333333333334
1983-01-01,2.13,0,"asian",NA
1983-01-01,2.13,0,"hispanic",7.03333333333333
1983-02-01,1.87,0,"black",11.8333333333333
1983-02-01,1.87,0,"white",1.1
1983-02-01,1.87,0,"asian",NA
1983-02-01,1.87,0,"hispanic",7.43333333333333
1983-03-01,1.57,0,"black",11.3333333333333
1983-03-01,1.57,0,"white",0.933333333333334
1983-03-01,1.57,0,"asian",NA
1983-03-01,1.57,0,"hispanic",7.6
1983-04-01,1.27,0,"black",10.9
1983-04-01,1.27,0,"white",0.299999999999999
1983-04-01,1.27,0,"asian",NA
1983-04-01,1.27,0,"hispanic",6.53333333333333
1983-05-01,0.97,0,"black",10.8333333333333
1983-05-01,0.97,0,"white",-0.466666666666667
1983-05-01,0.97,0,"asian",NA
1983-05-01,0.97,0,"hispanic",5.2
1983-06-01,0.7,0,"black",10.8666666666667
1983-06-01,0.7,0,"white",-0.933333333333334
1983-06-01,0.7,0,"asian",NA
1983-06-01,0.7,0,"hispanic",4.33333333333333
1983-07-01,0.3,0,"black",10.4
1983-07-01,0.3,0,"white",-1.33333333333333
1983-07-01,0.3,0,"asian",NA
1983-07-01,0.3,0,"hispanic",3.76666666666667
1983-08-01,-0.07,0,"black",10.2666666666667
1983-08-01,-0.07,0,"white",-1.5
1983-08-01,-0.07,0,"asian",NA
1983-08-01,-0.07,0,"hispanic",3.53333333333333
1983-09-01,-0.23,0,"black",9.93333333333333
1983-09-01,-0.23,0,"white",-1.6
1983-09-01,-0.23,0,"asian",NA
1983-09-01,-0.23,0,"hispanic",3.16666666666667
1983-10-01,-0.23,0,"black",9.73333333333333
1983-10-01,-0.23,0,"white",-1.66666666666667
1983-10-01,-0.23,0,"asian",NA
1983-10-01,-0.23,0,"hispanic",2.93333333333333
1983-11-01,-0.37,0,"black",9.33333333333333
1983-11-01,-0.37,0,"white",-1.56666666666667
1983-11-01,-0.37,0,"asian",NA
1983-11-01,-0.37,0,"hispanic",3.16666666666667
1983-12-01,-0.33,0,"black",9.3
1983-12-01,-0.33,0,"white",-1.46666666666667
1983-12-01,-0.33,0,"asian",NA
1983-12-01,-0.33,0,"hispanic",3.13333333333333
1984-01-01,-0.27,0,"black",9.26666666666667
1984-01-01,-0.27,0,"white",-1.03333333333333
1984-01-01,-0.27,0,"asian",NA
1984-01-01,-0.27,0,"hispanic",3.73333333333333
1984-02-01,-0.2,0,"black",9.06666666666667
1984-02-01,-0.2,0,"white",-0.666666666666666
1984-02-01,-0.2,0,"asian",NA
1984-02-01,-0.2,0,"hispanic",3.66666666666667
1984-03-01,-0.13,0,"black",8.83333333333333
1984-03-01,-0.13,0,"white",-0.433333333333333
1984-03-01,-0.13,0,"asian",NA
1984-03-01,-0.13,0,"hispanic",4.13333333333333
1984-04-01,-0.07,0,"black",8.66666666666667
1984-04-01,-0.07,0,"white",-0.733333333333333
1984-04-01,-0.07,0,"asian",NA
1984-04-01,-0.07,0,"hispanic",3.76666666666667
1984-05-01,-0.1,0,"black",8.63333333333333
1984-05-01,-0.1,0,"white",-1.03333333333333
1984-05-01,-0.1,0,"asian",NA
1984-05-01,-0.1,0,"hispanic",3.5
1984-06-01,-0.23,0,"black",8.5
1984-06-01,-0.23,0,"white",-1.1
1984-06-01,-0.23,0,"asian",NA
1984-06-01,-0.23,0,"hispanic",3.06666666666667
1984-07-01,-0.1,0,"black",8.63333333333333
1984-07-01,-0.1,0,"white",-1.13333333333333
1984-07-01,-0.1,0,"asian",NA
1984-07-01,-0.1,0,"hispanic",2.96666666666667
1984-08-01,0,0,"black",8.73333333333333
1984-08-01,0,0,"white",-1.13333333333333
1984-08-01,0,0,"asian",NA
1984-08-01,0,0,"hispanic",3.03333333333333
1984-09-01,0.1,0,"black",8.53333333333333
1984-09-01,0.1,0,"white",-1.23333333333333
1984-09-01,0.1,0,"asian",NA
1984-09-01,0.1,0,"hispanic",2.93333333333333
1984-10-01,0.07,0,"black",8.06666666666667
1984-10-01,0.07,0,"white",-1.3
1984-10-01,0.07,0,"asian",NA
1984-10-01,0.07,0,"hispanic",2.83333333333333
1984-11-01,-0.03,0,"black",7.8
1984-11-01,-0.03,0,"white",-1.33333333333333
1984-11-01,-0.03,0,"asian",NA
1984-11-01,-0.03,0,"hispanic",2.83333333333333
1984-12-01,-0.07,0,"black",7.86666666666667
1984-12-01,-0.07,0,"white",-1.33333333333333
1984-12-01,-0.07,0,"asian",NA
1984-12-01,-0.07,0,"hispanic",2.86666666666667
1985-01-01,0.03,0,"black",7.86666666666667
1985-01-01,0.03,0,"white",-0.899999999999999
1985-01-01,0.03,0,"asian",NA
1985-01-01,0.03,0,"hispanic",3.33333333333333
1985-02-01,0.1,0,"black",8.13333333333333
1985-02-01,0.1,0,"white",-0.6
1985-02-01,0.1,0,"asian",NA
1985-02-01,0.1,0,"hispanic",3.46666666666667
1985-03-01,0.13,0,"black",8.13333333333333
1985-03-01,0.13,0,"white",-0.366666666666667
1985-03-01,0.13,0,"asian",NA
1985-03-01,0.13,0,"hispanic",3.83333333333333
1985-04-01,0.1,0,"black",8.1
1985-04-01,0.1,0,"white",-0.733333333333333
1985-04-01,0.1,0,"asian",NA
1985-04-01,0.1,0,"hispanic",3.3
1985-05-01,0.1,0,"black",7.9
1985-05-01,0.1,0,"white",-1
1985-05-01,0.1,0,"asian",NA
1985-05-01,0.1,0,"hispanic",3.16666666666667
1985-06-01,0.1,0,"black",7.66666666666667
1985-06-01,0.1,0,"white",-1.03333333333333
1985-06-01,0.1,0,"asian",NA
1985-06-01,0.1,0,"hispanic",3
1985-07-01,0.1,0,"black",7.7
1985-07-01,0.1,0,"white",-0.966666666666667
1985-07-01,0.1,0,"asian",NA
1985-07-01,0.1,0,"hispanic",3.43333333333333
1985-08-01,0,0,"black",7.4
1985-08-01,0,0,"white",-0.966666666666667
1985-08-01,0,0,"asian",NA
1985-08-01,0,0,"hispanic",3.36666666666667
1985-09-01,-0.07,0,"black",7.7
1985-09-01,-0.07,0,"white",-1.16666666666667
1985-09-01,-0.07,0,"asian",NA
1985-09-01,-0.07,0,"hispanic",3.16666666666667
1985-10-01,-0.07,0,"black",7.73333333333333
1985-10-01,-0.07,0,"white",-1.23333333333333
1985-10-01,-0.07,0,"asian",NA
1985-10-01,-0.07,0,"hispanic",3.06666666666667
1985-11-01,0,0,"black",8.2
1985-11-01,0,0,"white",-1.3
1985-11-01,0,0,"asian",NA
1985-11-01,0,0,"hispanic",3.3
1985-12-01,-0.07,0,"black",8.16666666666667
1985-12-01,-0.07,0,"white",-1.3
1985-12-01,-0.07,0,"asian",NA
1985-12-01,-0.07,0,"hispanic",3.4
1986-01-01,-0.13,0,"black",8.13333333333333
1986-01-01,-0.13,0,"white",-0.933333333333334
1986-01-01,-0.13,0,"asian",NA
1986-01-01,-0.13,0,"hispanic",3.7
1986-02-01,0.1,0,"black",7.73333333333333
1986-02-01,0.1,0,"white",-0.533333333333333
1986-02-01,0.1,0,"asian",NA
1986-02-01,0.1,0,"hispanic",4.46666666666667
1986-03-01,0.2,0,"black",7.6
1986-03-01,0.2,0,"white",-0.266666666666667
1986-03-01,0.2,0,"asian",NA
1986-03-01,0.2,0,"hispanic",4.8
1986-04-01,0.33,0,"black",7.7
1986-04-01,0.33,0,"white",-0.433333333333334
1986-04-01,0.33,0,"asian",NA
1986-04-01,0.33,0,"hispanic",4.4
1986-05-01,0.33,0,"black",7.76666666666667
1986-05-01,0.33,0,"white",-0.733333333333333
1986-05-01,0.33,0,"asian",NA
1986-05-01,0.33,0,"hispanic",3.6
1986-06-01,0.3,0,"black",7.93333333333333
1986-06-01,0.3,0,"white",-0.833333333333334
1986-06-01,0.3,0,"asian",NA
1986-06-01,0.3,0,"hispanic",3.43333333333333
1986-07-01,0.23,0,"black",7.8
1986-07-01,0.23,0,"white",-0.833333333333334
1986-07-01,0.23,0,"asian",NA
1986-07-01,0.23,0,"hispanic",3.7
1986-08-01,0.07,0,"black",7.86666666666667
1986-08-01,0.07,0,"white",-0.966666666666667
1986-08-01,0.07,0,"asian",NA
1986-08-01,0.07,0,"hispanic",3.73333333333333
1986-09-01,0.03,0,"black",7.8
1986-09-01,0.03,0,"white",-1.1
1986-09-01,0.03,0,"asian",NA
1986-09-01,0.03,0,"hispanic",3.73333333333333
1986-10-01,0.07,0,"black",7.86666666666667
1986-10-01,0.07,0,"white",-1.2
1986-10-01,0.07,0,"asian",NA
1986-10-01,0.07,0,"hispanic",3.5
1986-11-01,0.13,0,"black",7.7
1986-11-01,0.13,0,"white",-1.13333333333333
1986-11-01,0.13,0,"asian",NA
1986-11-01,0.13,0,"hispanic",3.1
1986-12-01,-0.07,0,"black",7.36666666666667
1986-12-01,-0.07,0,"white",-1.16666666666667
1986-12-01,-0.07,0,"asian",NA
1986-12-01,-0.07,0,"hispanic",3.03333333333333
1987-01-01,-0.07,0,"black",7.3
1987-01-01,-0.07,0,"white",-0.766666666666667
1987-01-01,-0.07,0,"asian",NA
1987-01-01,-0.07,0,"hispanic",3.63333333333333
1987-02-01,-0.07,0,"black",7.23333333333333
1987-02-01,-0.07,0,"white",-0.5
1987-02-01,-0.07,0,"asian",NA
1987-02-01,-0.07,0,"hispanic",4.13333333333333
1987-03-01,-0.03,0,"black",7.26666666666667
1987-03-01,-0.03,0,"white",-0.333333333333333
1987-03-01,-0.03,0,"asian",NA
1987-03-01,-0.03,0,"hispanic",3.9
1987-04-01,-0.13,0,"black",7
1987-04-01,-0.13,0,"white",-0.633333333333334
1987-04-01,-0.13,0,"asian",NA
1987-04-01,-0.13,0,"hispanic",3.1
1987-05-01,-0.13,0,"black",7.03333333333333
1987-05-01,-0.13,0,"white",-0.899999999999999
1987-05-01,-0.13,0,"asian",NA
1987-05-01,-0.13,0,"hispanic",2.46666666666667
1987-06-01,-0.17,0,"black",6.86666666666667
1987-06-01,-0.17,0,"white",-0.966666666666667
1987-06-01,-0.17,0,"asian",NA
1987-06-01,-0.17,0,"hispanic",2.26666666666667
1987-07-01,-0.1,0,"black",6.93333333333333
1987-07-01,-0.1,0,"white",-0.966666666666667
1987-07-01,-0.1,0,"asian",NA
1987-07-01,-0.1,0,"hispanic",2.13333333333333
1987-08-01,-0.1,0,"black",6.7
1987-08-01,-0.1,0,"white",-0.966666666666666
1987-08-01,-0.1,0,"asian",NA
1987-08-01,-0.1,0,"hispanic",2.03333333333333
1987-09-01,-0.07,0,"black",6.7
1987-09-01,-0.07,0,"white",-1.03333333333333
1987-09-01,-0.07,0,"asian",NA
1987-09-01,-0.07,0,"hispanic",1.93333333333333
1987-10-01,0,0,"black",6.53333333333333
1987-10-01,0,0,"white",-1.06666666666667
1987-10-01,0,0,"asian",NA
1987-10-01,0,0,"hispanic",1.93333333333333
1987-11-01,-0.03,0,"black",6.43333333333333
1987-11-01,-0.03,0,"white",-1
1987-11-01,-0.03,0,"asian",NA
1987-11-01,-0.03,0,"hispanic",2.36666666666667
1987-12-01,-0.03,0,"black",6.33333333333333
1987-12-01,-0.03,0,"white",-1.03333333333333
1987-12-01,-0.03,0,"asian",NA
1987-12-01,-0.03,0,"hispanic",2.46666666666667
1988-01-01,-0.07,0,"black",6.33333333333333
1988-01-01,-0.07,0,"white",-0.7
1988-01-01,-0.07,0,"asian",NA
1988-01-01,-0.07,0,"hispanic",2.6
1988-02-01,-0.07,0,"black",6.46666666666667
1988-02-01,-0.07,0,"white",-0.5
1988-02-01,-0.07,0,"asian",NA
1988-02-01,-0.07,0,"hispanic",2.73333333333333
1988-03-01,-0.07,0,"black",6.66666666666667
1988-03-01,-0.07,0,"white",-0.366666666666667
1988-03-01,-0.07,0,"asian",NA
1988-03-01,-0.07,0,"hispanic",2.9
1988-04-01,-0.13,0,"black",6.83333333333333
1988-04-01,-0.13,0,"white",-0.633333333333334
1988-04-01,-0.13,0,"asian",NA
1988-04-01,-0.13,0,"hispanic",3.2
1988-05-01,-0.03,0,"black",6.83333333333333
1988-05-01,-0.03,0,"white",-0.899999999999999
1988-05-01,-0.03,0,"asian",NA
1988-05-01,-0.03,0,"hispanic",3.03333333333333
1988-06-01,-0.1,0,"black",6.53333333333333
1988-06-01,-0.1,0,"white",-0.9
1988-06-01,-0.1,0,"asian",NA
1988-06-01,-0.1,0,"hispanic",3.23333333333333
1988-07-01,0,0,"black",6.33333333333333
1988-07-01,0,0,"white",-0.833333333333333
1988-07-01,0,0,"asian",NA
1988-07-01,0,0,"hispanic",3
1988-08-01,0,0,"black",6.03333333333333
1988-08-01,0,0,"white",-0.8
1988-08-01,0,0,"asian",NA
1988-08-01,0,0,"hispanic",2.83333333333333
1988-09-01,0.03,0,"black",5.86666666666667
1988-09-01,0.03,0,"white",-0.833333333333334
1988-09-01,0.03,0,"asian",NA
1988-09-01,0.03,0,"hispanic",2.3
1988-10-01,0,0,"black",5.7
1988-10-01,0,0,"white",-0.966666666666667
1988-10-01,0,0,"asian",NA
1988-10-01,0,0,"hispanic",2.1
1988-11-01,-0.07,0,"black",5.66666666666667
1988-11-01,-0.07,0,"white",-0.933333333333334
1988-11-01,-0.07,0,"asian",NA
1988-11-01,-0.07,0,"hispanic",2.16666666666667
1988-12-01,-0.03,0,"black",5.8
1988-12-01,-0.03,0,"white",-1
1988-12-01,-0.03,0,"asian",NA
1988-12-01,-0.03,0,"hispanic",2.23333333333333
1989-01-01,0.03,0,"black",6.03333333333333
1989-01-01,0.03,0,"white",-0.666666666666666
1989-01-01,0.03,0,"asian",NA
1989-01-01,0.03,0,"hispanic",2.8
1989-02-01,-0.07,0,"black",6.36666666666667
1989-02-01,-0.07,0,"white",-0.5
1989-02-01,-0.07,0,"asian",NA
1989-02-01,-0.07,0,"hispanic",2.66666666666667
1989-03-01,-0.1,0,"black",6.4
1989-03-01,-0.1,0,"white",-0.366666666666667
1989-03-01,-0.1,0,"asian",NA
1989-03-01,-0.1,0,"hispanic",2.56666666666667
1989-04-01,-0.03,0,"black",6.23333333333333
1989-04-01,-0.03,0,"white",-0.600000000000001
1989-04-01,-0.03,0,"asian",NA
1989-04-01,-0.03,0,"hispanic",2.26666666666667
1989-05-01,0.03,0,"black",6
1989-05-01,0.03,0,"white",-0.8
1989-05-01,0.03,0,"asian",NA
1989-05-01,0.03,0,"hispanic",2.36666666666667
1989-06-01,0.13,0,"black",6.2
1989-06-01,0.13,0,"white",-0.766666666666667
1989-06-01,0.13,0,"asian",NA
1989-06-01,0.13,0,"hispanic",2.86666666666667
1989-07-01,0.1,0,"black",6.16666666666667
1989-07-01,0.1,0,"white",-0.733333333333333
1989-07-01,0.1,0,"asian",NA
1989-07-01,0.1,0,"hispanic",3.13333333333333
1989-08-01,0.1,0,"black",6.13333333333333
1989-08-01,0.1,0,"white",-0.7
1989-08-01,0.1,0,"asian",NA
1989-08-01,0.1,0,"hispanic",3.43333333333333
1989-09-01,0.1,0,"black",6.13333333333333
1989-09-01,0.1,0,"white",-0.766666666666667
1989-09-01,0.1,0,"asian",NA
1989-09-01,0.1,0,"hispanic",3.3
1989-10-01,0.13,0,"black",6.36666666666667
1989-10-01,0.13,0,"white",-0.866666666666667
1989-10-01,0.13,0,"asian",NA
1989-10-01,0.13,0,"hispanic",2.83333333333333
1989-11-01,0.2,0,"black",6.56666666666667
1989-11-01,0.2,0,"white",-0.833333333333334
1989-11-01,0.2,0,"asian",NA
1989-11-01,0.2,0,"hispanic",2.6
1989-12-01,0.13,0,"black",6.53333333333333
1989-12-01,0.13,0,"white",-0.833333333333334
1989-12-01,0.13,0,"asian",NA
1989-12-01,0.13,0,"hispanic",2.73333333333333
1990-01-01,0.13,0,"black",6.33333333333333
1990-01-01,0.13,0,"white",-0.466666666666667
1990-01-01,0.13,0,"asian",NA
1990-01-01,0.13,0,"hispanic",2.9
1990-02-01,0.13,0,"black",6.1
1990-02-01,0.13,0,"white",-0.2
1990-02-01,0.13,0,"asian",NA
1990-02-01,0.13,0,"hispanic",3.06666666666667
1990-03-01,0.1,0,"black",5.86666666666667
1990-03-01,0.1,0,"white",-0.0333333333333341
1990-03-01,0.1,0,"asian",NA
1990-03-01,0.1,0,"hispanic",2.93333333333333
1990-04-01,0.13,0,"black",5.73333333333333
1990-04-01,0.13,0,"white",-0.233333333333333
1990-04-01,0.13,0,"asian",NA
1990-04-01,0.13,0,"hispanic",3
1990-05-01,0.13,0,"black",5.5
1990-05-01,0.13,0,"white",-0.566666666666666
1990-05-01,0.13,0,"asian",NA
1990-05-01,0.13,0,"hispanic",2.63333333333333
1990-06-01,0.03,0,"black",5.36666666666667
1990-06-01,0.03,0,"white",-0.633333333333334
1990-06-01,0.03,0,"asian",NA
1990-06-01,0.03,0,"hispanic",2.5
1990-07-01,0.07,0,"black",5.6
1990-07-01,0.07,0,"white",-0.633333333333334
1990-07-01,0.07,0,"asian",NA
1990-07-01,0.07,0,"hispanic",2.5
1990-08-01,0.17,1,"black",5.96666666666667
1990-08-01,0.17,1,"white",-0.566666666666666
1990-08-01,0.17,1,"asian",NA
1990-08-01,0.17,1,"hispanic",2.6
1990-09-01,0.33,1,"black",6.46666666666667
1990-09-01,0.33,1,"white",-0.566666666666666
1990-09-01,0.33,1,"asian",NA
1990-09-01,0.33,1,"hispanic",2.86666666666667
1990-10-01,0.4,1,"black",6.66666666666667
1990-10-01,0.4,1,"white",-0.633333333333333
1990-10-01,0.4,1,"asian",NA
1990-10-01,0.4,1,"hispanic",2.7
1990-11-01,0.5,1,"black",6.9
1990-11-01,0.5,1,"white",-0.533333333333333
1990-11-01,0.5,1,"asian",NA
1990-11-01,0.5,1,"hispanic",3
1990-12-01,0.6,1,"black",7
1990-12-01,0.6,1,"white",-0.366666666666666
1990-12-01,0.6,1,"asian",NA
1990-12-01,0.6,1,"hispanic",3.43333333333333
1991-01-01,0.77,1,"black",6.93333333333333
1991-01-01,0.77,1,"white",0.233333333333333
1991-01-01,0.77,1,"asian",NA
1991-01-01,0.77,1,"hispanic",4.16666666666667
1991-02-01,0.97,1,"black",6.86666666666667
1991-02-01,0.97,1,"white",0.766666666666667
1991-02-01,0.97,1,"asian",NA
1991-02-01,0.97,1,"hispanic",4.63333333333333
1991-03-01,1.2,1,"black",6.9
1991-03-01,1.2,1,"white",1.2
1991-03-01,1.2,1,"asian",NA
1991-03-01,1.2,1,"hispanic",4.86666666666667
1991-04-01,1.3,0,"black",7.13333333333333
1991-04-01,1.3,0,"white",0.966666666666666
1991-04-01,1.3,0,"asian",NA
1991-04-01,1.3,0,"hispanic",4.6
1991-05-01,1.43,0,"black",7.33333333333333
1991-05-01,1.43,0,"white",0.733333333333333
1991-05-01,1.43,0,"asian",NA
1991-05-01,1.43,0,"hispanic",4.36666666666667
1991-06-01,1.5,0,"black",7.3
1991-06-01,1.5,0,"white",0.6
1991-06-01,1.5,0,"asian",NA
1991-06-01,1.5,0,"hispanic",4.16666666666667
1991-07-01,1.53,0,"black",6.93333333333333
1991-07-01,1.53,0,"white",0.6
1991-07-01,1.53,0,"asian",NA
1991-07-01,1.53,0,"hispanic",4.26666666666667
1991-08-01,1.4,0,"black",6.56666666666667
1991-08-01,1.4,0,"white",0.366666666666666
1991-08-01,1.4,0,"asian",NA
1991-08-01,1.4,0,"hispanic",4.2
1991-09-01,1.17,0,"black",6.36666666666667
1991-09-01,1.17,0,"white",0.0999999999999996
1991-09-01,1.17,0,"asian",NA
1991-09-01,1.17,0,"hispanic",4.4
1991-10-01,1.1,0,"black",6.66666666666667
1991-10-01,1.1,0,"white",-0.2
1991-10-01,1.1,0,"asian",NA
1991-10-01,1.1,0,"hispanic",4.3
1991-11-01,1,0,"black",6.56666666666667
1991-11-01,1,0,"white",-0.300000000000001
1991-11-01,1,0,"asian",NA
1991-11-01,1,0,"hispanic",4.26666666666667
1991-12-01,1,0,"black",6.6
1991-12-01,1,0,"white",-0.333333333333333
1991-12-01,1,0,"asian",NA
1991-12-01,1,0,"hispanic",3.8
1992-01-01,0.93,0,"black",6.53333333333333
1992-01-01,0.93,0,"white",0.0333333333333332
1992-01-01,0.93,0,"asian",NA
1992-01-01,0.93,0,"hispanic",4.3
1992-02-01,0.9,0,"black",6.93333333333333
1992-02-01,0.9,0,"white",0.333333333333334
1992-02-01,0.9,0,"asian",NA
1992-02-01,0.9,0,"hispanic",4.83333333333333
1992-03-01,0.77,0,"black",7.23333333333333
1992-03-01,0.77,0,"white",0.5
1992-03-01,0.77,0,"asian",NA
1992-03-01,0.77,0,"hispanic",5.36666666666667
1992-04-01,0.67,0,"black",7.33333333333333
1992-04-01,0.67,0,"white",0.133333333333334
1992-04-01,0.67,0,"asian",NA
1992-04-01,0.67,0,"hispanic",4.73333333333333
1992-05-01,0.63,0,"black",7.46666666666667
1992-05-01,0.63,0,"white",-0.233333333333333
1992-05-01,0.63,0,"asian",NA
1992-05-01,0.63,0,"hispanic",4.26666666666667
1992-06-01,0.73,0,"black",7.6
1992-06-01,0.73,0,"white",-0.3
1992-06-01,0.73,0,"asian",NA
1992-06-01,0.73,0,"hispanic",4.26666666666667
1992-07-01,0.87,0,"black",7.7
1992-07-01,0.87,0,"white",-0.2
1992-07-01,0.87,0,"asian",NA
1992-07-01,0.87,0,"hispanic",4.86666666666667
1992-08-01,0.9,0,"black",7.53333333333333
1992-08-01,0.9,0,"white",-0.166666666666667
1992-08-01,0.9,0,"asian",NA
1992-08-01,0.9,0,"hispanic",4.86666666666667
1992-09-01,0.8,0,"black",7.23333333333333
1992-09-01,0.8,0,"white",-0.4
1992-09-01,0.8,0,"asian",NA
1992-09-01,0.8,0,"hispanic",4.73333333333333
1992-10-01,0.67,0,"black",7.16666666666667
1992-10-01,0.67,0,"white",-0.666666666666667
1992-10-01,0.67,0,"asian",NA
1992-10-01,0.67,0,"hispanic",4.33333333333333
1992-11-01,0.5,0,"black",7
1992-11-01,0.5,0,"white",-0.933333333333333
1992-11-01,0.5,0,"asian",NA
1992-11-01,0.5,0,"hispanic",4.46666666666667
1992-12-01,0.37,0,"black",7.03333333333333
1992-12-01,0.37,0,"white",-1.13333333333333
1992-12-01,0.37,0,"asian",NA
1992-12-01,0.37,0,"hispanic",4.2
1993-01-01,0.2,0,"black",6.83333333333333
1993-01-01,0.2,0,"white",-0.9
1993-01-01,0.2,0,"asian",NA
1993-01-01,0.2,0,"hispanic",4.5
1993-02-01,-0.03,0,"black",6.7
1993-02-01,-0.03,0,"white",-0.533333333333333
1993-02-01,-0.03,0,"asian",NA
1993-02-01,-0.03,0,"hispanic",4.76666666666667
1993-03-01,-0.1,0,"black",6.63333333333333
1993-03-01,-0.1,0,"white",-0.233333333333333
1993-03-01,-0.1,0,"asian",NA
1993-03-01,-0.1,0,"hispanic",5.13333333333333
1993-04-01,-0.03,0,"black",6.66666666666667
1993-04-01,-0.03,0,"white",-0.533333333333333
1993-04-01,-0.03,0,"asian",NA
1993-04-01,-0.03,0,"hispanic",4.53333333333333
1993-05-01,-0.03,0,"black",6.53333333333333
1993-05-01,-0.03,0,"white",-0.899999999999999
1993-05-01,-0.03,0,"asian",NA
1993-05-01,-0.03,0,"hispanic",3.53333333333333
1993-06-01,0,0,"black",6.43333333333333
1993-06-01,0,0,"white",-1.03333333333333
1993-06-01,0,0,"asian",NA
1993-06-01,0,0,"hispanic",3
1993-07-01,-0.07,0,"black",6.06666666666667
1993-07-01,-0.07,0,"white",-0.933333333333334
1993-07-01,-0.07,0,"asian",NA
1993-07-01,-0.07,0,"hispanic",3.33333333333333
1993-08-01,-0.07,0,"black",5.9
1993-08-01,-0.07,0,"white",-0.866666666666667
1993-08-01,-0.07,0,"asian",NA
1993-08-01,-0.07,0,"hispanic",3.4
1993-09-01,-0.1,0,"black",5.7
1993-09-01,-0.1,0,"white",-0.966666666666667
1993-09-01,-0.1,0,"asian",NA
1993-09-01,-0.1,0,"hispanic",3.33333333333333
1993-10-01,0,0,"black",5.43333333333333
1993-10-01,0,0,"white",-1.06666666666667
1993-10-01,0,0,"asian",NA
1993-10-01,0,0,"hispanic",3.26666666666667
1993-11-01,-0.1,0,"black",5.6
1993-11-01,-0.1,0,"white",-1.13333333333333
1993-11-01,-0.1,0,"asian",NA
1993-11-01,-0.1,0,"hispanic",3.66666666666667
1993-12-01,-0.1,0,"black",5.4
1993-12-01,-0.1,0,"white",-1.13333333333333
1993-12-01,-0.1,0,"asian",NA
1993-12-01,-0.1,0,"hispanic",3.9
1994-01-01,0,0,"black",5.9
1994-01-01,0,0,"white",-0.8
1994-01-01,0,0,"asian",NA
1994-01-01,0,0,"hispanic",4.2
1994-02-01,0,0,"black",5.96666666666667
1994-02-01,0,0,"white",-0.5
1994-02-01,0,0,"asian",NA
1994-02-01,0,0,"hispanic",4.4
1994-03-01,0.03,0,"black",6.2
1994-03-01,0.03,0,"white",-0.3
1994-03-01,0.03,0,"asian",NA
1994-03-01,0.03,0,"hispanic",4.5
1994-04-01,-0.07,0,"black",5.86666666666667
1994-04-01,-0.07,0,"white",-0.566666666666666
1994-04-01,-0.07,0,"asian",NA
1994-04-01,-0.07,0,"hispanic",4.2
1994-05-01,-0.17,0,"black",5.66666666666667
1994-05-01,-0.17,0,"white",-0.833333333333333
1994-05-01,-0.17,0,"asian",NA
1994-05-01,-0.17,0,"hispanic",3.66666666666667
1994-06-01,-0.17,0,"black",5.43333333333333
1994-06-01,-0.17,0,"white",-0.9
1994-06-01,-0.17,0,"asian",NA
1994-06-01,-0.17,0,"hispanic",3.66666666666667
1994-07-01,-0.1,0,"black",5.2
1994-07-01,-0.1,0,"white",-0.833333333333333
1994-07-01,-0.1,0,"asian",NA
1994-07-01,-0.1,0,"hispanic",3.76666666666667
1994-08-01,0.03,0,"black",5.06666666666667
1994-08-01,0.03,0,"white",-0.766666666666667
1994-08-01,0.03,0,"asian",NA
1994-08-01,0.03,0,"hispanic",4
1994-09-01,0,0,"black",4.9
1994-09-01,0,0,"white",-0.866666666666666
1994-09-01,0,0,"asian",NA
1994-09-01,0,0,"hispanic",3.93333333333333
1994-10-01,-0.1,0,"black",5.13333333333333
1994-10-01,-0.1,0,"white",-1.03333333333333
1994-10-01,-0.1,0,"asian",NA
1994-10-01,-0.1,0,"hispanic",3.53333333333333
1994-11-01,-0.17,0,"black",5.13333333333333
1994-11-01,-0.17,0,"white",-1.1
1994-11-01,-0.17,0,"asian",NA
1994-11-01,-0.17,0,"hispanic",3.33333333333333
1994-12-01,-0.13,0,"black",5.03333333333333
1994-12-01,-0.13,0,"white",-1.1
1994-12-01,-0.13,0,"asian",NA
1994-12-01,-0.13,0,"hispanic",3.2
1995-01-01,0,0,"black",4.76666666666667
1995-01-01,0,0,"white",-0.733333333333333
1995-01-01,0,0,"asian",NA
1995-01-01,0,0,"hispanic",4.03333333333333
1995-02-01,-0.07,0,"black",4.6
1995-02-01,-0.07,0,"white",-0.433333333333334
1995-02-01,-0.07,0,"asian",NA
1995-02-01,-0.07,0,"hispanic",4.5
1995-03-01,0.03,0,"black",4.56666666666667
1995-03-01,0.03,0,"white",-0.2
1995-03-01,0.03,0,"asian",NA
1995-03-01,0.03,0,"hispanic",4.73333333333333
1995-04-01,0.07,0,"black",4.7
1995-04-01,0.07,0,"white",-0.4
1995-04-01,0.07,0,"asian",NA
1995-04-01,0.07,0,"hispanic",3.86666666666667
1995-05-01,0.17,0,"black",4.66666666666667
1995-05-01,0.17,0,"white",-0.533333333333333
1995-05-01,0.17,0,"asian",NA
1995-05-01,0.17,0,"hispanic",3.63333333333333
1995-06-01,0.2,0,"black",5
1995-06-01,0.2,0,"white",-0.6
1995-06-01,0.2,0,"asian",NA
1995-06-01,0.2,0,"hispanic",3.43333333333333
1995-07-01,0.17,0,"black",5.06666666666667
1995-07-01,0.17,0,"white",-0.566666666666666
1995-07-01,0.17,0,"asian",NA
1995-07-01,0.17,0,"hispanic",3.6
1995-08-01,0.13,0,"black",5.43333333333333
1995-08-01,0.13,0,"white",-0.6
1995-08-01,0.13,0,"asian",NA
1995-08-01,0.13,0,"hispanic",3.73333333333333
1995-09-01,0.13,0,"black",5.56666666666667
1995-09-01,0.13,0,"white",-0.7
1995-09-01,0.13,0,"asian",NA
1995-09-01,0.13,0,"hispanic",3.66666666666667
1995-10-01,0.07,0,"black",5.26666666666667
1995-10-01,0.07,0,"white",-0.866666666666667
1995-10-01,0.07,0,"asian",NA
1995-10-01,0.07,0,"hispanic",3.6
1995-11-01,0.07,0,"black",4.8
1995-11-01,0.07,0,"white",-0.866666666666667
1995-11-01,0.07,0,"asian",NA
1995-11-01,0.07,0,"hispanic",3.46666666666667
1995-12-01,0.07,0,"black",4.5
1995-12-01,0.07,0,"white",-0.866666666666667
1995-12-01,0.07,0,"asian",NA
1995-12-01,0.07,0,"hispanic",3.56666666666667
1996-01-01,0.17,0,"black",4.7
1996-01-01,0.17,0,"white",-0.5
1996-01-01,0.17,0,"asian",NA
1996-01-01,0.17,0,"hispanic",4.03333333333333
1996-02-01,0.13,0,"black",4.8
1996-02-01,0.13,0,"white",-0.266666666666667
1996-02-01,0.13,0,"asian",NA
1996-02-01,0.13,0,"hispanic",4.46666666666667
1996-03-01,0.1,0,"black",4.86666666666667
1996-03-01,0.1,0,"white",-0.166666666666667
1996-03-01,0.1,0,"asian",NA
1996-03-01,0.1,0,"hispanic",4.83333333333333
1996-04-01,-0.03,0,"black",4.9
1996-04-01,-0.03,0,"white",-0.466666666666667
1996-04-01,-0.03,0,"asian",NA
1996-04-01,-0.03,0,"hispanic",4.46666666666667
1996-05-01,0.03,0,"black",4.96666666666667
1996-05-01,0.03,0,"white",-0.7
1996-05-01,0.03,0,"asian",NA
1996-05-01,0.03,0,"hispanic",3.93333333333333
1996-06-01,-0.07,0,"black",4.93333333333333
1996-06-01,-0.07,0,"white",-0.8
1996-06-01,-0.07,0,"asian",NA
1996-06-01,-0.07,0,"hispanic",3.4
1996-07-01,0,0,"black",4.93333333333333
1996-07-01,0,0,"white",-0.733333333333333
1996-07-01,0,0,"asian",NA
1996-07-01,0,0,"hispanic",3.4
1996-08-01,-0.17,0,"black",5.23333333333333
1996-08-01,-0.17,0,"white",-0.7
1996-08-01,-0.17,0,"asian",NA
1996-08-01,-0.17,0,"hispanic",3.56666666666667
1996-09-01,-0.03,0,"black",5.33333333333333
1996-09-01,-0.03,0,"white",-0.833333333333333
1996-09-01,-0.03,0,"asian",NA
1996-09-01,-0.03,0,"hispanic",3.36666666666667
1996-10-01,-0.07,0,"black",5.46666666666667
1996-10-01,-0.07,0,"white",-0.966666666666667
1996-10-01,-0.07,0,"asian",NA
1996-10-01,-0.07,0,"hispanic",2.96666666666667
1996-11-01,0.1,0,"black",5.46666666666667
1996-11-01,0.1,0,"white",-0.933333333333334
1996-11-01,0.1,0,"asian",NA
1996-11-01,0.1,0,"hispanic",2.7
1996-12-01,0.07,0,"black",5.43333333333333
1996-12-01,0.07,0,"white",-0.9
1996-12-01,0.07,0,"asian",NA
1996-12-01,0.07,0,"hispanic",2.43333333333333
1997-01-01,0.13,0,"black",5.46666666666667
1997-01-01,0.13,0,"white",-0.533333333333333
1997-01-01,0.13,0,"asian",NA
1997-01-01,0.13,0,"hispanic",2.93333333333333
1997-02-01,0.13,0,"black",5.5
1997-02-01,0.13,0,"white",-0.333333333333334
1997-02-01,0.13,0,"asian",NA
1997-02-01,0.13,0,"hispanic",3.2
1997-03-01,0.1,0,"black",5.5
1997-03-01,0.1,0,"white",-0.2
1997-03-01,0.1,0,"asian",NA
1997-03-01,0.1,0,"hispanic",3.86666666666667
1997-04-01,-0.07,0,"black",5.3
1997-04-01,-0.07,0,"white",-0.566666666666667
1997-04-01,-0.07,0,"asian",NA
1997-04-01,-0.07,0,"hispanic",3.46666666666667
1997-05-01,-0.17,0,"black",5.26666666666667
1997-05-01,-0.17,0,"white",-0.833333333333333
1997-05-01,-0.17,0,"asian",NA
1997-05-01,-0.17,0,"hispanic",3
1997-06-01,-0.07,0,"black",5.43333333333333
1997-06-01,-0.07,0,"white",-0.9
1997-06-01,-0.07,0,"asian",NA
1997-06-01,-0.07,0,"hispanic",2.5
1997-07-01,-0.03,0,"black",5.26666666666667
1997-07-01,-0.03,0,"white",-0.766666666666667
1997-07-01,-0.03,0,"asian",NA
1997-07-01,-0.03,0,"hispanic",2.63333333333333
1997-08-01,0.03,0,"black",5
1997-08-01,0.03,0,"white",-0.666666666666667
1997-08-01,0.03,0,"asian",NA
1997-08-01,0.03,0,"hispanic",2.7
1997-09-01,0,0,"black",4.6
1997-09-01,0,0,"white",-0.733333333333334
1997-09-01,0,0,"asian",NA
1997-09-01,0,0,"hispanic",2.63333333333333
1997-10-01,-0.03,0,"black",4.66666666666667
1997-10-01,-0.03,0,"white",-0.866666666666667
1997-10-01,-0.03,0,"asian",NA
1997-10-01,-0.03,0,"hispanic",2.46666666666667
1997-11-01,-0.1,0,"black",4.76666666666667
1997-11-01,-0.1,0,"white",-0.966666666666667
1997-11-01,-0.1,0,"asian",NA
1997-11-01,-0.1,0,"hispanic",2.3
1997-12-01,-0.07,0,"black",5
1997-12-01,-0.07,0,"white",-1
1997-12-01,-0.07,0,"asian",NA
1997-12-01,-0.07,0,"hispanic",2.36666666666667
1998-01-01,-0.03,0,"black",5
1998-01-01,-0.03,0,"white",-0.666666666666666
1998-01-01,-0.03,0,"asian",NA
1998-01-01,-0.03,0,"hispanic",2.5
1998-02-01,0,0,"black",4.93333333333333
1998-02-01,0,0,"white",-0.399999999999999
1998-02-01,0,0,"asian",NA
1998-02-01,0,0,"hispanic",2.83333333333333
1998-03-01,0,0,"black",4.66666666666667
1998-03-01,0,0,"white",-0.199999999999999
1998-03-01,0,0,"asian",NA
1998-03-01,0,0,"hispanic",3.03333333333333
1998-04-01,-0.13,0,"black",4.66666666666667
1998-04-01,-0.13,0,"white",-0.466666666666667
1998-04-01,-0.13,0,"asian",NA
1998-04-01,-0.13,0,"hispanic",2.7
1998-05-01,-0.1,0,"black",4.6
1998-05-01,-0.1,0,"white",-0.666666666666667
1998-05-01,-0.1,0,"asian",NA
1998-05-01,-0.1,0,"hispanic",2.36666666666667
1998-06-01,-0.07,0,"black",4.53333333333333
1998-06-01,-0.07,0,"white",-0.666666666666667
1998-06-01,-0.07,0,"asian",NA
1998-06-01,-0.07,0,"hispanic",2.26666666666667
1998-07-01,0.07,0,"black",4.66666666666667
1998-07-01,0.07,0,"white",-0.533333333333334
1998-07-01,0.07,0,"asian",NA
1998-07-01,0.07,0,"hispanic",2.6
1998-08-01,0.13,0,"black",4.63333333333333
1998-08-01,0.13,0,"white",-0.466666666666667
1998-08-01,0.13,0,"asian",NA
1998-08-01,0.13,0,"hispanic",2.96666666666667
1998-09-01,0.17,0,"black",4.73333333333333
1998-09-01,0.17,0,"white",-0.600000000000001
1998-09-01,0.17,0,"asian",NA
1998-09-01,0.17,0,"hispanic",2.86666666666667
1998-10-01,0.2,0,"black",4.43333333333333
1998-10-01,0.2,0,"white",-0.7
1998-10-01,0.2,0,"asian",NA
1998-10-01,0.2,0,"hispanic",2.66666666666667
1998-11-01,0.17,0,"black",4.36666666666667
1998-11-01,0.17,0,"white",-0.766666666666667
1998-11-01,0.17,0,"asian",NA
1998-11-01,0.17,0,"hispanic",2.43333333333333
1998-12-01,0,0,"black",3.9
1998-12-01,0,0,"white",-0.8
1998-12-01,0,0,"asian",NA
1998-12-01,0,0,"hispanic",2.63333333333333
1999-01-01,-0.07,0,"black",3.66666666666667
1999-01-01,-0.07,0,"white",-0.533333333333334
1999-01-01,-0.07,0,"asian",NA
1999-01-01,-0.07,0,"hispanic",2.83333333333333
1999-02-01,0,0,"black",3.53333333333333
1999-02-01,0,0,"white",-0.333333333333334
1999-02-01,0,0,"asian",NA
1999-02-01,0,0,"hispanic",3
1999-03-01,-0.03,0,"black",3.7
1999-03-01,-0.03,0,"white",-0.2
1999-03-01,-0.03,0,"asian",NA
1999-03-01,-0.03,0,"hispanic",2.7
1999-04-01,0,0,"black",3.7
1999-04-01,0,0,"white",-0.433333333333333
1999-04-01,0,0,"asian",NA
1999-04-01,0,0,"hispanic",2.46666666666667
1999-05-01,-0.07,0,"black",3.5
1999-05-01,-0.07,0,"white",-0.6
1999-05-01,-0.07,0,"asian",NA
1999-05-01,-0.07,0,"hispanic",2.16666666666667
1999-06-01,0.03,0,"black",3.4
1999-06-01,0.03,0,"white",-0.566666666666667
1999-06-01,0.03,0,"asian",NA
1999-06-01,0.03,0,"hispanic",2.2
1999-07-01,0.03,0,"black",3.7
1999-07-01,0.03,0,"white",-0.5
1999-07-01,0.03,0,"asian",NA
1999-07-01,0.03,0,"hispanic",2.16666666666667
1999-08-01,0.03,0,"black",3.8
1999-08-01,0.03,0,"white",-0.466666666666667
1999-08-01,0.03,0,"asian",NA
1999-08-01,0.03,0,"hispanic",2.3
1999-09-01,0,0,"black",4.06666666666667
1999-09-01,0,0,"white",-0.633333333333333
1999-09-01,0,0,"asian",NA
1999-09-01,0,0,"hispanic",2.26666666666667
1999-10-01,-0.07,0,"black",4.03333333333333
1999-10-01,-0.07,0,"white",-0.733333333333334
1999-10-01,-0.07,0,"asian",NA
1999-10-01,-0.07,0,"hispanic",2.2
1999-11-01,-0.03,0,"black",4.16666666666667
1999-11-01,-0.03,0,"white",-0.8
1999-11-01,-0.03,0,"asian",NA
1999-11-01,-0.03,0,"hispanic",1.96666666666667
1999-12-01,-0.03,0,"black",4
1999-12-01,-0.03,0,"white",-0.8
1999-12-01,-0.03,0,"asian",NA
1999-12-01,-0.03,0,"hispanic",1.8
2000-01-01,-0.03,0,"black",3.96666666666667
2000-01-01,-0.03,0,"white",-0.566666666666666
2000-01-01,-0.03,0,"asian",NA
2000-01-01,-0.03,0,"hispanic",1.83333333333333
2000-02-01,0,0,"black",4
2000-02-01,0,0,"white",-0.366666666666667
2000-02-01,0,0,"asian",NA
2000-02-01,0,0,"hispanic",1.96666666666667
2000-03-01,0,0,"black",3.86666666666667
2000-03-01,0,0,"white",-0.166666666666667
2000-03-01,0,0,"asian",NA
2000-03-01,0,0,"hispanic",2.3
2000-04-01,-0.03,0,"black",3.53333333333333
2000-04-01,-0.03,0,"white",-0.333333333333333
2000-04-01,-0.03,0,"asian",NA
2000-04-01,-0.03,0,"hispanic",2.06666666666667
2000-05-01,0,0,"black",3.43333333333333
2000-05-01,0,0,"white",-0.5
2000-05-01,0,0,"asian",NA
2000-05-01,0,0,"hispanic",1.83333333333333
2000-06-01,-0.03,0,"black",3.56666666666667
2000-06-01,-0.03,0,"white",-0.566666666666666
2000-06-01,-0.03,0,"asian",NA
2000-06-01,-0.03,0,"hispanic",1.43333333333333
2000-07-01,0.03,0,"black",3.8
2000-07-01,0.03,0,"white",-0.433333333333333
2000-07-01,0.03,0,"asian",NA
2000-07-01,0.03,0,"hispanic",1.63333333333333
2000-08-01,0.03,0,"black",3.86666666666667
2000-08-01,0.03,0,"white",-0.366666666666666
2000-08-01,0.03,0,"asian",NA
2000-08-01,0.03,0,"hispanic",1.83333333333333
2000-09-01,0,0,"black",3.7
2000-09-01,0,0,"white",-0.466666666666666
2000-09-01,0,0,"asian",NA
2000-09-01,0,0,"hispanic",1.83333333333333
2000-10-01,-0.03,0,"black",3.56666666666667
2000-10-01,-0.03,0,"white",-0.633333333333333
2000-10-01,-0.03,0,"asian",NA
2000-10-01,-0.03,0,"hispanic",1.5
2000-11-01,-0.03,0,"black",3.4
2000-11-01,-0.03,0,"white",-0.666666666666667
2000-11-01,-0.03,0,"asian",NA
2000-11-01,-0.03,0,"hispanic",1.46666666666667
2000-12-01,0.03,0,"black",3.43333333333333
2000-12-01,0.03,0,"white",-0.666666666666667
2000-12-01,0.03,0,"asian",NA
2000-12-01,0.03,0,"hispanic",1.5
2001-01-01,0.13,0,"black",3.73333333333333
2001-01-01,0.13,0,"white",-0.333333333333333
2001-01-01,0.13,0,"asian",NA
2001-01-01,0.13,0,"hispanic",2
2001-02-01,0.2,0,"black",3.86666666666667
2001-02-01,0.2,0,"white",-0.0666666666666669
2001-02-01,0.2,0,"asian",NA
2001-02-01,0.2,0,"hispanic",2.3
2001-03-01,0.3,0,"black",4.16666666666667
2001-03-01,0.3,0,"white",0.166666666666667
2001-03-01,0.3,0,"asian",NA
2001-03-01,0.3,0,"hispanic",2.7
2001-04-01,0.4,1,"black",4.1
2001-04-01,0.4,1,"white",0.0333333333333332
2001-04-01,0.4,1,"asian",NA
2001-04-01,0.4,1,"hispanic",2.56666666666667
2001-05-01,0.47,1,"black",4.16666666666667
2001-05-01,0.47,1,"white",-0.133333333333333
2001-05-01,0.47,1,"asian",NA
2001-05-01,0.47,1,"hispanic",2.26666666666667
2001-06-01,0.53,1,"black",4.16666666666667
2001-06-01,0.53,1,"white",-0.1
2001-06-01,0.53,1,"asian",NA
2001-06-01,0.53,1,"hispanic",2.2
2001-07-01,0.53,1,"black",4.16666666666667
2001-07-01,0.53,1,"white",0.0333333333333332
2001-07-01,0.53,1,"asian",NA
2001-07-01,0.53,1,"hispanic",2.26666666666667
2001-08-01,0.7,1,"black",4.56666666666667
2001-08-01,0.7,1,"white",0.233333333333333
2001-08-01,0.7,1,"asian",NA
2001-08-01,0.7,1,"hispanic",2.53333333333333
2001-09-01,0.83,1,"black",4.76666666666667
2001-09-01,0.83,1,"white",0.233333333333333
2001-09-01,0.83,1,"asian",NA
2001-09-01,0.83,1,"hispanic",2.43333333333333
2001-10-01,1.13,1,"black",5.26666666666667
2001-10-01,1.13,1,"white",0.3
2001-10-01,1.13,1,"asian",NA
2001-10-01,1.13,1,"hispanic",2.66666666666667
2001-11-01,1.4,1,"black",5.5
2001-11-01,1.4,1,"white",0.466666666666666
2001-11-01,1.4,1,"asian",NA
2001-11-01,1.4,1,"hispanic",2.86666666666667
2001-12-01,1.63,0,"black",5.8
2001-12-01,1.63,0,"white",0.6
2001-12-01,1.63,0,"asian",NA
2001-12-01,1.63,0,"hispanic",3.23333333333333
2002-01-01,1.6,0,"black",5.86666666666667
2002-01-01,1.6,0,"white",1
2002-01-01,1.6,0,"asian",NA
2002-01-01,1.6,0,"hispanic",3.73333333333333
2002-02-01,1.5,0,"black",5.76666666666667
2002-02-01,1.5,0,"white",1.13333333333333
2002-02-01,1.5,0,"asian",NA
2002-02-01,1.5,0,"hispanic",3.76666666666667
2002-03-01,1.37,0,"black",5.83333333333333
2002-03-01,1.37,0,"white",1.26666666666667
2002-03-01,1.37,0,"asian",NA
2002-03-01,1.37,0,"hispanic",3.8
2002-04-01,1.4,0,"black",6.03333333333333
2002-04-01,1.4,0,"white",1
2002-04-01,1.4,0,"asian",NA
2002-04-01,1.4,0,"hispanic",3.4
2002-05-01,1.43,0,"black",6.06666666666667
2002-05-01,1.43,0,"white",0.699999999999999
2002-05-01,1.43,0,"asian",NA
2002-05-01,1.43,0,"hispanic",2.93333333333333
2002-06-01,1.4,0,"black",6
2002-06-01,1.4,0,"white",0.6
2002-06-01,1.4,0,"asian",NA
2002-06-01,1.4,0,"hispanic",2.6
2002-07-01,1.33,0,"black",5.5
2002-07-01,1.33,0,"white",0.433333333333333
2002-07-01,1.33,0,"asian",NA
2002-07-01,1.33,0,"hispanic",2.33333333333333
2002-08-01,1.13,0,"black",5.2
2002-08-01,1.13,0,"white",0.333333333333334
2002-08-01,1.13,0,"asian",NA
2002-08-01,1.13,0,"hispanic",2.5
2002-09-01,0.9,0,"black",4.7
2002-09-01,0.9,0,"white",-0.0666666666666664
2002-09-01,0.9,0,"asian",NA
2002-09-01,0.9,0,"hispanic",2.2
2002-10-01,0.57,0,"black",4.5
2002-10-01,0.57,0,"white",-0.433333333333334
2002-10-01,0.57,0,"asian",NA
2002-10-01,0.57,0,"hispanic",2.06666666666667
2002-11-01,0.43,0,"black",4.56666666666667
2002-11-01,0.43,0,"white",-0.7
2002-11-01,0.43,0,"asian",NA
2002-11-01,0.43,0,"hispanic",1.9
2002-12-01,0.3,0,"black",4.96666666666667
2002-12-01,0.3,0,"white",-0.8
2002-12-01,0.3,0,"asian",NA
2002-12-01,0.3,0,"hispanic",2.06666666666667
2003-01-01,0.23,0,"black",5.13333333333333
2003-01-01,0.23,0,"white",-0.5
2003-01-01,0.23,0,"asian",NA
2003-01-01,0.23,0,"hispanic",2.4
2003-02-01,0.2,0,"black",5.13333333333333
2003-02-01,0.2,0,"white",-0.266666666666667
2003-02-01,0.2,0,"asian",NA
2003-02-01,0.2,0,"hispanic",2.63333333333333
2003-03-01,0.13,0,"black",4.8
2003-03-01,0.13,0,"white",-0.0666666666666673
2003-03-01,0.13,0,"asian",0.233333333333333
2003-03-01,0.13,0,"hispanic",2.76666666666667
2003-04-01,0.13,0,"black",4.93333333333333
2003-04-01,0.13,0,"white",-0.300000000000001
2003-04-01,0.13,0,"asian",0.399999999999999
2003-04-01,0.13,0,"hispanic",2.23333333333333
2003-05-01,0.2,0,"black",5
2003-05-01,0.2,0,"white",-0.466666666666667
2003-05-01,0.2,0,"asian",0.3
2003-05-01,0.2,0,"hispanic",1.93333333333333
2003-06-01,0.4,0,"black",5.4
2003-06-01,0.4,0,"white",-0.433333333333334
2003-06-01,0.4,0,"asian",0.6
2003-06-01,0.4,0,"hispanic",1.9
2003-07-01,0.47,0,"black",5.4
2003-07-01,0.47,0,"white",-0.300000000000001
2003-07-01,0.47,0,"asian",0.566666666666666
2003-07-01,0.47,0,"hispanic",2.23333333333333
2003-08-01,0.47,0,"black",5.4
2003-08-01,0.47,0,"white",-0.233333333333333
2003-08-01,0.47,0,"asian",0.733333333333333
2003-08-01,0.47,0,"hispanic",2.3
2003-09-01,0.37,0,"black",5.26666666666667
2003-09-01,0.37,0,"white",-0.433333333333334
2003-09-01,0.37,0,"asian",0.4
2003-09-01,0.37,0,"hispanic",1.9
2003-10-01,0.3,0,"black",5.36666666666667
2003-10-01,0.3,0,"white",-0.766666666666667
2003-10-01,0.3,0,"asian",0.433333333333334
2003-10-01,0.3,0,"hispanic",1.46666666666667
2003-11-01,0.23,0,"black",5.03333333333333
2003-11-01,0.23,0,"white",-1
2003-11-01,0.23,0,"asian",0.0666666666666664
2003-11-01,0.23,0,"hispanic",1.26666666666667
2003-12-01,0.03,0,"black",4.73333333333333
2003-12-01,0.03,0,"white",-1.03333333333333
2003-12-01,0.03,0,"asian",-0.233333333333333
2003-12-01,0.03,0,"hispanic",1.13333333333333
2004-01-01,-0.1,0,"black",4.5
2004-01-01,-0.1,0,"white",-0.633333333333334
2004-01-01,-0.1,0,"asian",-0.533333333333333
2004-01-01,-0.1,0,"hispanic",1.63333333333333
2004-02-01,-0.1,0,"black",4.4
2004-02-01,-0.1,0,"white",-0.4
2004-02-01,-0.1,0,"asian",-0.7
2004-02-01,-0.1,0,"hispanic",1.96666666666667
2004-03-01,0,0,"black",4.46666666666667
2004-03-01,0,0,"white",-0.2
2004-03-01,0,0,"asian",-1.06666666666667
2004-03-01,0,0,"hispanic",2.46666666666667
2004-04-01,0,0,"black",4.26666666666667
2004-04-01,0,0,"white",-0.466666666666666
2004-04-01,0,0,"asian",-1.16666666666667
2004-04-01,0,0,"hispanic",1.93333333333333
2004-05-01,0,0,"black",4.4
2004-05-01,0,0,"white",-0.699999999999999
2004-05-01,0,0,"asian",-1.13333333333333
2004-05-01,0,0,"hispanic",1.33333333333333
2004-06-01,-0.03,0,"black",4.43333333333333
2004-06-01,-0.03,0,"white",-0.733333333333333
2004-06-01,-0.03,0,"asian",-0.966666666666667
2004-06-01,-0.03,0,"hispanic",0.9
2004-07-01,-0.03,0,"black",4.86666666666667
2004-07-01,-0.03,0,"white",-0.7
2004-07-01,-0.03,0,"asian",-1.2
2004-07-01,-0.03,0,"hispanic",1
2004-08-01,-0.07,0,"black",5.06666666666667
2004-08-01,-0.07,0,"white",-0.633333333333334
2004-08-01,-0.07,0,"asian",-1.43333333333333
2004-08-01,-0.07,0,"hispanic",1.2
2004-09-01,-0.07,0,"black",5.16666666666667
2004-09-01,-0.07,0,"white",-0.8
2004-09-01,-0.07,0,"asian",-1.4
2004-09-01,-0.07,0,"hispanic",1.3
2004-10-01,0,0,"black",5.1
2004-10-01,0,0,"white",-0.966666666666667
2004-10-01,0,0,"asian",-1.06666666666667
2004-10-01,0,0,"hispanic",1.13333333333333
2004-11-01,0,0,"black",5.16666666666667
2004-11-01,0,0,"white",-1.06666666666667
2004-11-01,0,0,"asian",-0.933333333333334
2004-11-01,0,0,"hispanic",1.1
2004-12-01,0,0,"black",5.3
2004-12-01,0,0,"white",-1.06666666666667
2004-12-01,0,0,"asian",-1.03333333333333
2004-12-01,0,0,"hispanic",1.1
2005-01-01,-0.1,0,"black",5.3
2005-01-01,-0.1,0,"white",-0.766666666666667
2005-01-01,-0.1,0,"asian",-1.23333333333333
2005-01-01,-0.1,0,"hispanic",1.33333333333333
2005-02-01,0,0,"black",5.36666666666667
2005-02-01,0,0,"white",-0.566666666666667
2005-02-01,0,0,"asian",-1.16666666666667
2005-02-01,0,0,"hispanic",1.46666666666667
2005-03-01,-0.07,0,"black",5.36666666666667
2005-03-01,-0.07,0,"white",-0.399999999999999
2005-03-01,-0.07,0,"asian",-1.2
2005-03-01,-0.07,0,"hispanic",1.36666666666667
2005-04-01,0,0,"black",5.3
2005-04-01,0,0,"white",-0.6
2005-04-01,0,0,"asian",-1.13333333333333
2005-04-01,0,0,"hispanic",1.1
2005-05-01,-0.1,0,"black",5.13333333333333
2005-05-01,-0.1,0,"white",-0.766666666666667
2005-05-01,-0.1,0,"asian",-1.06666666666667
2005-05-01,-0.1,0,"hispanic",0.666666666666666
2005-06-01,-0.07,0,"black",5.1
2005-06-01,-0.07,0,"white",-0.8
2005-06-01,-0.07,0,"asian",-1.1
2005-06-01,-0.07,0,"hispanic",0.566666666666667
2005-07-01,-0.07,0,"black",4.8
2005-07-01,-0.07,0,"white",-0.699999999999999
2005-07-01,-0.07,0,"asian",-0.833333333333333
2005-07-01,-0.07,0,"hispanic",0.466666666666667
2005-08-01,-0.07,0,"black",4.73333333333333
2005-08-01,-0.07,0,"white",-0.633333333333333
2005-08-01,-0.07,0,"asian",-0.933333333333334
2005-08-01,-0.07,0,"hispanic",0.633333333333333
2005-09-01,0.03,0,"black",4.46666666666667
2005-09-01,0.03,0,"white",-0.7
2005-09-01,0.03,0,"asian",-0.7
2005-09-01,0.03,0,"hispanic",0.833333333333333
2005-10-01,0.03,0,"black",4.43333333333333
2005-10-01,0.03,0,"white",-0.8
2005-10-01,0.03,0,"asian",-1.23333333333333
2005-10-01,0.03,0,"hispanic",0.866666666666666
2005-11-01,0.07,0,"black",4.73333333333333
2005-11-01,0.07,0,"white",-0.866666666666667
2005-11-01,0.07,0,"asian",-1.26666666666667
2005-11-01,0.07,0,"hispanic",0.966666666666667
2005-12-01,-0.03,0,"black",4.66666666666667
2005-12-01,-0.03,0,"white",-0.933333333333334
2005-12-01,-0.03,0,"asian",-1.43333333333333
2005-12-01,-0.03,0,"hispanic",0.933333333333333
2006-01-01,-0.07,0,"black",4.7
2006-01-01,-0.07,0,"white",-0.666666666666667
2006-01-01,-0.07,0,"asian",-1.4
2006-01-01,-0.07,0,"hispanic",1.3
2006-02-01,-0.07,0,"black",4.4
2006-02-01,-0.07,0,"white",-0.433333333333334
2006-02-01,-0.07,0,"asian",-1.53333333333333
2006-02-01,-0.07,0,"hispanic",1.36666666666667
2006-03-01,-0.07,0,"black",4.56666666666667
2006-03-01,-0.07,0,"white",-0.3
2006-03-01,-0.07,0,"asian",-1.56666666666667
2006-03-01,-0.07,0,"hispanic",1.23333333333333
2006-04-01,0,0,"black",4.73333333333333
2006-04-01,0,0,"white",-0.533333333333333
2006-04-01,0,0,"asian",-1.26666666666667
2006-04-01,0,0,"hispanic",0.766666666666667
2006-05-01,-0.07,0,"black",4.53333333333333
2006-05-01,-0.07,0,"white",-0.666666666666667
2006-05-01,-0.07,0,"asian",-1.1
2006-05-01,-0.07,0,"hispanic",0.3
2006-06-01,-0.03,0,"black",4.36666666666667
2006-06-01,-0.03,0,"white",-0.633333333333333
2006-06-01,-0.03,0,"asian",-1.2
2006-06-01,-0.03,0,"hispanic",0.2
2006-07-01,0.03,0,"black",4.4
2006-07-01,0.03,0,"white",-0.533333333333333
2006-07-01,0.03,0,"asian",-1.7
2006-07-01,0.03,0,"hispanic",0.300000000000001
2006-08-01,0.07,0,"black",4.43333333333333
2006-08-01,0.07,0,"white",-0.466666666666666
2006-08-01,0.07,0,"asian",-1.8
2006-08-01,0.07,0,"hispanic",0.600000000000001
2006-09-01,0.07,0,"black",4.46666666666667
2006-09-01,0.07,0,"white",-0.6
2006-09-01,0.07,0,"asian",-1.83333333333333
2006-09-01,0.07,0,"hispanic",0.633333333333334
2006-10-01,-0.07,0,"black",4.2
2006-10-01,-0.07,0,"white",-0.7
2006-10-01,-0.07,0,"asian",-1.6
2006-10-01,-0.07,0,"hispanic",0.433333333333334
2006-11-01,-0.07,0,"black",4.16666666666667
2006-11-01,-0.07,0,"white",-0.766666666666667
2006-11-01,-0.07,0,"asian",-1.5
2006-11-01,-0.07,0,"hispanic",0.4
2006-12-01,-0.03,0,"black",3.96666666666667
2006-12-01,-0.03,0,"white",-0.733333333333333
2006-12-01,-0.03,0,"asian",-1.63333333333333
2006-12-01,-0.03,0,"hispanic",0.366666666666666
2007-01-01,0.07,0,"black",3.8
2007-01-01,0.07,0,"white",-0.4
2007-01-01,0.07,0,"asian",-1.53333333333333
2007-01-01,0.07,0,"hispanic",1.03333333333333
2007-02-01,0.07,0,"black",3.63333333333333
2007-02-01,0.07,0,"white",-0.166666666666667
2007-02-01,0.07,0,"asian",-1.7
2007-02-01,0.07,0,"hispanic",1.3
2007-03-01,0.03,0,"black",3.66666666666667
2007-03-01,0.03,0,"white",-0.100000000000001
2007-03-01,0.03,0,"asian",-1.53333333333333
2007-03-01,0.03,0,"hispanic",1.43333333333333
2007-04-01,0,0,"black",3.8
2007-04-01,0,0,"white",-0.366666666666667
2007-04-01,0,0,"asian",-1.4
2007-04-01,0,0,"hispanic",1.03333333333333
2007-05-01,0,0,"black",3.9
2007-05-01,0,0,"white",-0.6
2007-05-01,0,0,"asian",-1.2
2007-05-01,0,0,"hispanic",0.866666666666666
2007-06-01,0.03,0,"black",3.93333333333333
2007-06-01,0.03,0,"white",-0.533333333333334
2007-06-01,0.03,0,"asian",-1.3
2007-06-01,0.03,0,"hispanic",0.899999999999999
2007-07-01,0.07,0,"black",3.86666666666667
2007-07-01,0.07,0,"white",-0.366666666666667
2007-07-01,0.07,0,"asian",-1.56666666666667
2007-07-01,0.07,0,"hispanic",1.16666666666667
2007-08-01,0.1,0,"black",3.63333333333333
2007-08-01,0.1,0,"white",-0.2
2007-08-01,0.1,0,"asian",-1.46666666666667
2007-08-01,0.1,0,"hispanic",1.2
2007-09-01,0.17,0,"black",3.46666666666667
2007-09-01,0.17,0,"white",-0.233333333333333
2007-09-01,0.17,0,"asian",-1.23333333333333
2007-09-01,0.17,0,"hispanic",1.23333333333333
2007-10-01,0.2,0,"black",3.6
2007-10-01,0.2,0,"white",-0.4
2007-10-01,0.2,0,"asian",-0.866666666666667
2007-10-01,0.2,0,"hispanic",1
2007-11-01,0.23,0,"black",3.9
2007-11-01,0.23,0,"white",-0.5
2007-11-01,0.23,0,"asian",-0.833333333333333
2007-11-01,0.23,0,"hispanic",1.06666666666667
2007-12-01,0.4,0,"black",4.23333333333333
2007-12-01,0.4,0,"white",-0.433333333333334
2007-12-01,0.4,0,"asian",-0.733333333333333
2007-12-01,0.4,0,"hispanic",1.3
2008-01-01,0.4,1,"black",4.43333333333333
2008-01-01,0.4,1,"white",-0.0666666666666664
2008-01-01,0.4,1,"asian",-0.966666666666667
2008-01-01,0.4,1,"hispanic",1.93333333333333
2008-02-01,0.43,1,"black",4.4
2008-02-01,0.43,1,"white",0.233333333333333
2008-02-01,0.43,1,"asian",-1.2
2008-02-01,0.43,1,"hispanic",2.36666666666667
2008-03-01,0.47,1,"black",4.46666666666667
2008-03-01,0.47,1,"white",0.366666666666666
2008-03-01,0.47,1,"asian",-1.23333333333333
2008-03-01,0.47,1,"hispanic",2.7
2008-04-01,0.5,1,"black",4.3
2008-04-01,0.5,1,"white",0.133333333333333
2008-04-01,0.5,1,"asian",-1.1
2008-04-01,0.5,1,"hispanic",2.5
2008-05-01,0.73,1,"black",4.63333333333333
2008-05-01,0.73,1,"white",0
2008-05-01,0.73,1,"asian",-0.766666666666667
2008-05-01,0.73,1,"hispanic",2.26666666666667
2008-06-01,0.8,1,"black",4.63333333333333
2008-06-01,0.8,1,"white",0.0666666666666664
2008-06-01,0.8,1,"asian",-0.633333333333333
2008-06-01,0.8,1,"hispanic",2.3
2008-07-01,0.97,1,"black",5.03333333333333
2008-07-01,0.97,1,"white",0.4
2008-07-01,0.97,1,"asian",-0.633333333333333
2008-07-01,0.97,1,"hispanic",2.56666666666667
2008-08-01,1.1,1,"black",5.33333333333333
2008-08-01,1.1,1,"white",0.633333333333333
2008-08-01,1.1,1,"asian",-0.533333333333333
2008-08-01,1.1,1,"hispanic",3.06666666666667
2008-09-01,1.27,1,"black",5.96666666666667
2008-09-01,1.27,1,"white",0.666666666666667
2008-09-01,1.27,1,"asian",-0.600000000000001
2008-09-01,1.27,1,"hispanic",3.06666666666667
2008-10-01,1.5,1,"black",6.4
2008-10-01,1.5,1,"white",0.666666666666667
2008-10-01,1.5,1,"asian",-0.566666666666667
2008-10-01,1.5,1,"hispanic",3.3
2008-11-01,1.7,1,"black",6.6
2008-11-01,1.7,1,"white",0.7
2008-11-01,1.7,1,"asian",-0.566666666666666
2008-11-01,1.7,1,"hispanic",3.36666666666667
2008-12-01,2.07,1,"black",6.76666666666667
2008-12-01,2.07,1,"white",1.03333333333333
2008-12-01,2.07,1,"asian",-0.300000000000001
2008-12-01,2.07,1,"hispanic",3.86666666666667
2009-01-01,2.37,1,"black",7.13333333333333
2009-01-01,2.37,1,"white",1.73333333333333
2009-01-01,2.37,1,"asian",0.366666666666666
2009-01-01,2.37,1,"hispanic",4.66666666666667
2009-02-01,2.77,1,"black",7.83333333333333
2009-02-01,2.77,1,"white",2.5
2009-02-01,2.77,1,"asian",0.966666666666667
2009-02-01,2.77,1,"hispanic",5.83333333333333
2009-03-01,3.13,1,"black",8.36666666666667
2009-03-01,3.13,1,"white",3.16666666666667
2009-03-01,3.13,1,"asian",1.43333333333333
2009-03-01,3.13,1,"hispanic",6.76666666666667
2009-04-01,3.53,1,"black",8.96666666666667
2009-04-01,3.53,1,"white",3
2009-04-01,3.53,1,"asian",1.5
2009-04-01,3.53,1,"hispanic",6.56666666666667
2009-05-01,3.73,1,"black",9.23333333333333
2009-05-01,3.73,1,"white",2.86666666666667
2009-05-01,3.73,1,"asian",1.43333333333333
2009-05-01,3.73,1,"hispanic",6.3
2009-06-01,3.9,1,"black",9.33333333333333
2009-06-01,3.9,1,"white",2.7
2009-06-01,3.9,1,"asian",1.63333333333333
2009-06-01,3.9,1,"hispanic",6
2009-07-01,3.8,0,"black",9.03333333333333
2009-07-01,3.8,0,"white",2.8
2009-07-01,3.8,0,"asian",1.83333333333333
2009-07-01,3.8,0,"hispanic",6.3
2009-08-01,3.67,0,"black",8.8
2009-08-01,3.67,0,"white",2.8
2009-08-01,3.67,0,"asian",1.86666666666667
2009-08-01,3.67,0,"hispanic",6.53333333333333
2009-09-01,3.57,0,"black",8.73333333333333
2009-09-01,3.57,0,"white",2.5
2009-09-01,3.57,0,"asian",1.53333333333333
2009-09-01,3.57,0,"hispanic",6.33333333333333
2009-10-01,3.57,0,"black",8.83333333333333
2009-10-01,3.57,0,"white",2.23333333333333
2009-10-01,3.57,0,"asian",1.13333333333333
2009-10-01,3.57,0,"hispanic",6.06666666666667
2009-11-01,3.47,0,"black",8.73333333333333
2009-11-01,3.47,0,"white",1.76666666666667
2009-11-01,3.47,0,"asian",0.600000000000001
2009-11-01,3.47,0,"hispanic",5.4
2009-12-01,3.07,0,"black",8.56666666666667
2009-12-01,3.07,0,"white",1.4
2009-12-01,3.07,0,"asian",0.433333333333334
2009-12-01,3.07,0,"hispanic",5.2
2010-01-01,2.57,0,"black",8.3
2010-01-01,2.57,0,"white",1.2
2010-01-01,2.57,0,"asian",0.166666666666667
2010-01-01,2.57,0,"hispanic",5.2
2010-02-01,2.03,0,"black",7.96666666666667
2010-02-01,2.03,0,"white",1.1
2010-02-01,2.03,0,"asian",0.033333333333335
2010-02-01,2.03,0,"hispanic",5.13333333333333
2010-03-01,1.53,0,"black",7.8
2010-03-01,1.53,0,"white",0.866666666666667
2010-03-01,1.53,0,"asian",-0.633333333333333
2010-03-01,1.53,0,"hispanic",4.86666666666667
2010-04-01,1.2,0,"black",7.46666666666667
2010-04-01,1.2,0,"white",0.166666666666666
2010-04-01,1.2,0,"asian",-1.43333333333333
2010-04-01,1.2,0,"hispanic",3.83333333333333
2010-05-01,0.8,0,"black",7
2010-05-01,0.8,0,"white",-0.5
2010-05-01,0.8,0,"asian",-1.83333333333333
2010-05-01,0.8,0,"hispanic",2.93333333333333
2010-06-01,0.43,0,"black",6.3
2010-06-01,0.43,0,"white",-0.866666666666667
2010-06-01,0.43,0,"asian",-2.06666666666667
2010-06-01,0.43,0,"hispanic",2.43333333333333
2010-07-01,0.13,0,"black",5.96666666666667
2010-07-01,0.13,0,"white",-0.833333333333334
2010-07-01,0.13,0,"asian",-1.76666666666667
2010-07-01,0.13,0,"hispanic",2.53333333333333
2010-08-01,0,0,"black",6.13333333333333
2010-08-01,0,0,"white",-0.766666666666667
2010-08-01,0,0,"asian",-1.9
2010-08-01,0,0,"hispanic",2.7
2010-09-01,0.03,0,"black",6.4
2010-09-01,0.03,0,"white",-0.9
2010-09-01,0.03,0,"asian",-2.16666666666667
2010-09-01,0.03,0,"hispanic",2.56666666666667
2010-10-01,0.07,0,"black",6.4
2010-10-01,0.07,0,"white",-1.1
2010-10-01,0.07,0,"asian",-2.4
2010-10-01,0.07,0,"hispanic",2.5
2010-11-01,0.13,0,"black",6.5
2010-11-01,0.13,0,"white",-1.16666666666667
2010-11-01,0.13,0,"asian",-2.33333333333333
2010-11-01,0.13,0,"hispanic",2.76666666666667
2010-12-01,0.1,0,"black",6.33333333333333
2010-12-01,0.1,0,"white",-1.16666666666667
2010-12-01,0.1,0,"asian",-2.13333333333333
2010-12-01,0.1,0,"hispanic",3.13333333333333
2011-01-01,-0.13,0,"black",6.43333333333333
2011-01-01,-0.13,0,"white",-0.9
2011-01-01,-0.13,0,"asian",-2.23333333333333
2011-01-01,-0.13,0,"hispanic",3.56666666666667
2011-02-01,-0.3,0,"black",6.46666666666667
2011-02-01,-0.3,0,"white",-0.533333333333333
2011-02-01,-0.3,0,"asian",-2.23333333333333
2011-02-01,-0.3,0,"hispanic",3.76666666666667
2011-03-01,-0.2,0,"black",6.66666666666667
2011-03-01,-0.2,0,"white",-0.433333333333334
2011-03-01,-0.2,0,"asian",-2.1
2011-03-01,-0.2,0,"hispanic",3.5
2011-04-01,0,0,"black",6.9
2011-04-01,0,0,"white",-0.799999999999999
2011-04-01,0,0,"asian",-2.2
2011-04-01,0,0,"hispanic",2.83333333333333
2011-05-01,0.07,0,"black",7.16666666666667
2011-05-01,0.07,0,"white",-1.13333333333333
2011-05-01,0.07,0,"asian",-2.03333333333333
2011-05-01,0.07,0,"hispanic",2.36666666666667
2011-06-01,0.2,0,"black",7.3
2011-06-01,0.2,0,"white",-1.16666666666667
2011-06-01,0.2,0,"asian",-2.3
2011-06-01,0.2,0,"hispanic",2.23333333333333
2011-07-01,0.23,0,"black",7.1
2011-07-01,0.23,0,"white",-1
2011-07-01,0.23,0,"asian",-2
2011-07-01,0.23,0,"hispanic",2.26666666666667
2011-08-01,0.23,0,"black",7.13333333333333
2011-08-01,0.23,0,"white",-0.933333333333334
2011-08-01,0.23,0,"asian",-2
2011-08-01,0.23,0,"hispanic",2.26666666666667
2011-09-01,0.2,0,"black",7.06666666666667
2011-09-01,0.2,0,"white",-1.1
2011-09-01,0.2,0,"asian",-1.46666666666667
2011-09-01,0.2,0,"hispanic",2.06666666666667
2011-10-01,0.17,0,"black",6.7
2011-10-01,0.17,0,"white",-1.23333333333333
2011-10-01,0.17,0,"asian",-1.4
2011-10-01,0.17,0,"hispanic",2.03333333333333
2011-11-01,0,0,"black",6.56666666666667
2011-11-01,0,0,"white",-1.33333333333333
2011-11-01,0,0,"asian",-1.53333333333333
2011-11-01,0,0,"hispanic",2.16666666666667
2011-12-01,-0.17,0,"black",6.56666666666667
2011-12-01,-0.17,0,"white",-1.3
2011-12-01,-0.17,0,"asian",-1.76666666666667
2011-12-01,-0.17,0,"hispanic",2.43333333333333
2012-01-01,-0.2,0,"black",6.4
2012-01-01,-0.2,0,"white",-1
2012-01-01,-0.2,0,"asian",-1.83333333333333
2012-01-01,-0.2,0,"hispanic",2.76666666666667
2012-02-01,-0.13,0,"black",5.96666666666667
2012-02-01,-0.13,0,"white",-0.666666666666667
2012-02-01,-0.13,0,"asian",-1.8
2012-02-01,-0.13,0,"hispanic",2.96666666666667
2012-03-01,-0.1,0,"black",5.6
2012-03-01,-0.1,0,"white",-0.466666666666668
2012-03-01,-0.1,0,"asian",-1.83333333333333
2012-03-01,-0.1,0,"hispanic",2.96666666666667
2012-04-01,-0.07,0,"black",5.53333333333333
2012-04-01,-0.07,0,"white",-0.733333333333333
2012-04-01,-0.07,0,"asian",-2.23333333333333
2012-04-01,-0.07,0,"hispanic",2.43333333333334
2012-05-01,-0.03,0,"black",5.4
2012-05-01,-0.03,0,"white",-0.933333333333333
2012-05-01,-0.03,0,"asian",-2.43333333333333
2012-05-01,-0.03,0,"hispanic",2.13333333333333
2012-06-01,0,0,"black",5.56666666666667
2012-06-01,0,0,"white",-0.933333333333333
2012-06-01,0,0,"asian",-2.53333333333333
2012-06-01,0,0,"hispanic",2.2
2012-07-01,0.07,0,"black",5.86666666666667
2012-07-01,0.07,0,"white",-0.766666666666666
2012-07-01,0.07,0,"asian",-2.36666666666667
2012-07-01,0.07,0,"hispanic",2.36666666666667
2012-08-01,0.03,0,"black",6
2012-08-01,0.03,0,"white",-0.733333333333333
2012-08-01,0.03,0,"asian",-2.2
2012-08-01,0.03,0,"hispanic",2.3
2012-09-01,-0.1,0,"black",5.83333333333333
2012-09-01,-0.1,0,"white",-0.833333333333333
2012-09-01,-0.1,0,"asian",-2.46666666666667
2012-09-01,-0.1,0,"hispanic",1.9
2012-10-01,-0.13,0,"black",5.93333333333333
2012-10-01,-0.13,0,"white",-1.03333333333333
2012-10-01,-0.13,0,"asian",-2.66666666666667
2012-10-01,-0.13,0,"hispanic",1.83333333333333
2012-11-01,-0.13,0,"black",5.9
2012-11-01,-0.13,0,"white",-1.16666666666667
2012-11-01,-0.13,0,"asian",-2.4
2012-11-01,-0.13,0,"hispanic",1.86666666666667
2012-12-01,0,0,"black",6.03333333333333
2012-12-01,0,0,"white",-1.23333333333333
2012-12-01,0,0,"asian",-1.83333333333333
2012-12-01,0,0,"hispanic",1.93333333333333
2013-01-01,0,0,"black",5.9
2013-01-01,0,0,"white",-0.9
2013-01-01,0,0,"asian",-1.33333333333333
2013-01-01,0,0,"hispanic",2.2
2013-02-01,-0.03,0,"black",6.06666666666667
2013-02-01,-0.03,0,"white",-0.633333333333334
2013-02-01,-0.03,0,"asian",-1.43333333333333
2013-02-01,-0.03,0,"hispanic",2.36666666666667
2013-03-01,-0.07,0,"black",5.76666666666667
2013-03-01,-0.07,0,"white",-0.5
2013-03-01,-0.07,0,"asian",-1.9
2013-03-01,-0.07,0,"hispanic",2.36666666666667
2013-04-01,-0.13,0,"black",5.76666666666667
2013-04-01,-0.13,0,"white",-0.766666666666666
2013-04-01,-0.13,0,"asian",-2.13333333333333
2013-04-01,-0.13,0,"hispanic",1.8
2013-05-01,-0.03,0,"black",5.7
2013-05-01,-0.03,0,"white",-0.933333333333333
2013-05-01,-0.03,0,"asian",-2.56666666666667
2013-05-01,-0.03,0,"hispanic",1.3
2013-06-01,0,0,"black",6.1
2013-06-01,0,0,"white",-0.966666666666667
2013-06-01,0,0,"asian",-2.7
2013-06-01,0,0,"hispanic",1.16666666666667
2013-07-01,-0.03,0,"black",5.96666666666667
2013-07-01,-0.03,0,"white",-0.733333333333333
2013-07-01,-0.03,0,"asian",-2.6
2013-07-01,-0.03,0,"hispanic",1.63333333333333
2013-08-01,-0.1,0,"black",5.86666666666667
2013-08-01,-0.1,0,"white",-0.666666666666666
2013-08-01,-0.1,0,"asian",-2.3
2013-08-01,-0.1,0,"hispanic",1.93333333333333
2013-09-01,-0.13,0,"black",5.56666666666667
2013-09-01,-0.13,0,"white",-0.8
2013-09-01,-0.13,0,"asian",-1.96666666666667
2013-09-01,-0.13,0,"hispanic",1.83333333333333
2013-10-01,-0.03,0,"black",5.66666666666667
2013-10-01,-0.03,0,"white",-1.03333333333333
2013-10-01,-0.03,0,"asian",-1.9
2013-10-01,-0.03,0,"hispanic",1.63333333333333
2013-11-01,-0.1,0,"black",5.6
2013-11-01,-0.1,0,"white",-1.16666666666667
2013-11-01,-0.1,0,"asian",-1.76666666666667
2013-11-01,-0.1,0,"hispanic",1.53333333333333
2013-12-01,-0.17,0,"black",5.4
2013-12-01,-0.17,0,"white",-1.13333333333333
2013-12-01,-0.17,0,"asian",-1.96666666666667
2013-12-01,-0.17,0,"hispanic",1.63333333333333
2014-01-01,-0.2,0,"black",5.36666666666667
2014-01-01,-0.2,0,"white",-0.866666666666666
2014-01-01,-0.2,0,"asian",-2
2014-01-01,-0.2,0,"hispanic",1.93333333333333
2014-02-01,-0.1,0,"black",5.26666666666667
2014-02-01,-0.1,0,"white",-0.633333333333334
2014-02-01,-0.1,0,"asian",-1.7
2014-02-01,-0.1,0,"hispanic",2.03333333333333
2014-03-01,0,0,"black",5.33333333333333
2014-03-01,0,0,"white",-0.566666666666666
2014-03-01,0,0,"asian",-1.3
2014-03-01,0,0,"hispanic",1.96666666666667
2014-04-01,-0.1,0,"black",5.3
2014-04-01,-0.1,0,"white",-0.833333333333333
2014-04-01,-0.1,0,"asian",-0.766666666666667
2014-04-01,-0.1,0,"hispanic",1.3
2014-05-01,-0.13,0,"black",5.3
2014-05-01,-0.13,0,"white",-1.03333333333333
2014-05-01,-0.13,0,"asian",-0.7
2014-05-01,-0.13,0,"hispanic",0.933333333333333
2014-06-01,-0.2,0,"black",5.13333333333333
2014-06-01,-0.2,0,"white",-0.966666666666667
2014-06-01,-0.2,0,"asian",-0.766666666666667
2014-06-01,-0.2,0,"hispanic",1.03333333333333
2014-07-01,-0.03,0,"black",5.13333333333333
2014-07-01,-0.03,0,"white",-0.766666666666667
2014-07-01,-0.03,0,"asian",-1.33333333333333
2014-07-01,-0.03,0,"hispanic",1.43333333333333
2014-08-01,-0.07,0,"black",5.2
2014-08-01,-0.07,0,"white",-0.666666666666666
2014-08-01,-0.07,0,"asian",-1.66666666666667
2014-08-01,-0.07,0,"hispanic",1.6
2014-09-01,-0.07,0,"black",5.26666666666667
2014-09-01,-0.07,0,"white",-0.8
2014-09-01,-0.07,0,"asian",-1.7
2014-09-01,-0.07,0,"hispanic",1.23333333333333
2014-10-01,-0.13,0,"black",5.1
2014-10-01,-0.13,0,"white",-0.966666666666667
2014-10-01,-0.13,0,"asian",-1.23333333333333
2014-10-01,-0.13,0,"hispanic",0.933333333333333
2014-11-01,-0.1,0,"black",5.03333333333333
2014-11-01,-0.1,0,"white",-1.1
2014-11-01,-0.1,0,"asian",-1.03333333333333
2014-11-01,-0.1,0,"hispanic",0.7
2014-12-01,-0.1,0,"black",5
2014-12-01,-0.1,0,"white",-1.1
2014-12-01,-0.1,0,"asian",-0.933333333333334
2014-12-01,-0.1,0,"hispanic",0.766666666666667
2015-01-01,0,0,"black",4.9
2015-01-01,0,0,"white",-0.866666666666667
2015-01-01,0,0,"asian",-1.3
2015-01-01,0,0,"hispanic",1.1
2015-02-01,-0.1,0,"black",4.73333333333333
2015-02-01,-0.1,0,"white",-0.6
2015-02-01,-0.1,0,"asian",-1.46666666666667
2015-02-01,-0.1,0,"hispanic",1.46666666666667
2015-03-01,-0.03,0,"black",4.56666666666667
2015-03-01,-0.03,0,"white",-0.433333333333334
2015-03-01,-0.03,0,"asian",-1.8
2015-03-01,-0.03,0,"hispanic",1.73333333333333
2015-04-01,-0.1,0,"black",4.46666666666667
2015-04-01,-0.1,0,"white",-0.633333333333334
2015-04-01,-0.1,0,"asian",-1.56666666666667
2015-04-01,-0.1,0,"hispanic",1.43333333333333
2015-05-01,0,0,"black",4.53333333333333
2015-05-01,0,0,"white",-0.833333333333333
2015-05-01,0,0,"asian",-1.53333333333333
2015-05-01,0,0,"hispanic",1.1
2015-06-01,-0.07,0,"black",4.46666666666667
2015-06-01,-0.07,0,"white",-0.866666666666667
2015-06-01,-0.07,0,"asian",-1.3
2015-06-01,-0.07,0,"hispanic",1.03333333333333
2015-07-01,-0.03,0,"black",4.33333333333333
2015-07-01,-0.03,0,"white",-0.633333333333333
2015-07-01,-0.03,0,"asian",-1.4
2015-07-01,-0.03,0,"hispanic",1.33333333333333
2015-08-01,-0.13,0,"black",4.2
2015-08-01,-0.13,0,"white",-0.466666666666667
2015-08-01,-0.13,0,"asian",-1.46666666666667
2015-08-01,-0.13,0,"hispanic",1.6
2015-09-01,-0.07,0,"black",4.16666666666667
2015-09-01,-0.07,0,"white",-0.566666666666666
2015-09-01,-0.07,0,"asian",-1.5
2015-09-01,-0.07,0,"hispanic",1.4
2015-10-01,-0.1,0,"black",4.2
2015-10-01,-0.1,0,"white",-0.766666666666667
2015-10-01,-0.1,0,"asian",-1.56666666666667
2015-10-01,-0.1,0,"hispanic",1.13333333333333
2015-11-01,-0.03,0,"black",4.2
2015-11-01,-0.03,0,"white",-0.9
2015-11-01,-0.03,0,"asian",-1.4
2015-11-01,-0.03,0,"hispanic",1.03333333333333
2015-12-01,-0.03,0,"black",3.93333333333333
2015-12-01,-0.03,0,"white",-0.9
2015-12-01,-0.03,0,"asian",-1.2
2015-12-01,-0.03,0,"hispanic",1.13333333333333
2016-01-01,-0.03,0,"black",3.83333333333333
2016-01-01,-0.03,0,"white",-0.633333333333334
2016-01-01,-0.03,0,"asian",-1.1
2016-01-01,-0.03,0,"hispanic",1.4
2016-02-01,-0.03,0,"black",3.63333333333333
2016-02-01,-0.03,0,"white",-0.4
2016-02-01,-0.03,0,"asian",-1.06666666666667
2016-02-01,-0.03,0,"hispanic",1.33333333333333
2016-03-01,0,0,"black",3.76666666666667
2016-03-01,0,0,"white",-0.333333333333334
2016-03-01,0,0,"asian",-1.13333333333333
2016-03-01,0,0,"hispanic",1.16666666666667
2016-04-01,0.03,0,"black",3.86666666666667
2016-04-01,0.03,0,"white",-0.533333333333334
2016-04-01,0.03,0,"asian",-1.06666666666667
2016-04-01,0.03,0,"hispanic",0.833333333333333
2016-05-01,-0.03,0,"black",3.73333333333333
2016-05-01,-0.03,0,"white",-0.766666666666667
2016-05-01,-0.03,0,"asian",-0.966666666666667
2016-05-01,-0.03,0,"hispanic",0.6
2016-06-01,-0.03,0,"black",3.66666666666667
2016-06-01,-0.03,0,"white",-0.733333333333334
2016-06-01,-0.03,0,"asian",-1.06666666666667
2016-06-01,-0.03,0,"hispanic",0.699999999999999
2016-07-01,-0.03,0,"black",3.53333333333333
2016-07-01,-0.03,0,"white",-0.533333333333333
2016-07-01,-0.03,0,"asian",-1
2016-07-01,-0.03,0,"hispanic",0.766666666666667
2016-08-01,0.07,0,"black",3.46666666666667
2016-08-01,0.07,0,"white",-0.366666666666666
2016-08-01,0.07,0,"asian",-1
2016-08-01,0.07,0,"hispanic",0.9
2016-09-01,0.1,0,"black",3.4
2016-09-01,0.1,0,"white",-0.466666666666666
2016-09-01,0.1,0,"asian",-0.933333333333333
2016-09-01,0.1,0,"hispanic",0.933333333333334
2016-10-01,0.1,0,"black",3.5
2016-10-01,0.1,0,"white",-0.6
2016-10-01,0.1,0,"asian",-1.06666666666667
2016-10-01,0.1,0,"hispanic",0.9
2016-11-01,0,0,"black",3.56666666666667
2016-11-01,0,0,"white",-0.766666666666667
2016-11-01,0,0,"asian",-1.4
2016-11-01,0,0,"hispanic",0.9
2016-12-01,-0.07,0,"black",3.46666666666667
2016-12-01,-0.07,0,"white",-0.733333333333333
2016-12-01,-0.07,0,"asian",-1.7
2016-12-01,-0.07,0,"hispanic",0.9
2017-01-01,0,0,"black",3.2
2017-01-01,0,0,"white",-0.466666666666667
2017-01-01,0,0,"asian",-1.56666666666667
2017-01-01,0,0,"hispanic",1.33333333333333
2017-02-01,0.03,0,"black",3.16666666666667
2017-02-01,0.03,0,"white",-0.266666666666667
2017-02-01,0.03,0,"asian",-1.4
2017-02-01,0.03,0,"hispanic",1.5
2017-03-01,-0.03,0,"black",3.2
2017-03-01,-0.03,0,"white",-0.199999999999999
2017-03-01,-0.03,0,"asian",-1.13333333333333
2017-03-01,-0.03,0,"hispanic",1.36666666666667
2017-04-01,-0.13,0,"black",3.36666666666667
2017-04-01,-0.13,0,"white",-0.466666666666667
2017-04-01,-0.13,0,"asian",-1.13333333333333
2017-04-01,-0.13,0,"hispanic",0.8
2017-05-01,-0.13,0,"black",3.33333333333333
2017-05-01,-0.13,0,"white",-0.7
2017-05-01,-0.13,0,"asian",-1.03333333333333
2017-05-01,-0.13,0,"hispanic",0.433333333333333
2017-06-01,-0.03,0,"black",3.06666666666667
2017-06-01,-0.03,0,"white",-0.666666666666667
2017-06-01,-0.03,0,"asian",-0.833333333333334
2017-06-01,-0.03,0,"hispanic",0.366666666666666
2017-07-01,-0.03,0,"black",2.96666666666667
2017-07-01,-0.03,0,"white",-0.5
2017-07-01,-0.03,0,"asian",-0.666666666666666
2017-07-01,-0.03,0,"hispanic",0.633333333333334
2017-08-01,0.03,0,"black",2.96666666666667
2017-08-01,0.03,0,"white",-0.366666666666666
2017-08-01,0.03,0,"asian",-0.566666666666666
2017-08-01,0.03,0,"hispanic",0.800000000000001
2017-09-01,-0.03,0,"black",3.06666666666667
2017-09-01,-0.03,0,"white",-0.5
2017-09-01,-0.03,0,"asian",-0.6
2017-09-01,-0.03,0,"hispanic",0.766666666666667
2017-10-01,-0.07,0,"black",3.2
2017-10-01,-0.07,0,"white",-0.7
2017-10-01,-0.07,0,"asian",-0.8
2017-10-01,-0.07,0,"hispanic",0.566666666666666
2017-11-01,-0.1,0,"black",3.2
2017-11-01,-0.1,0,"white",-0.8
2017-11-01,-0.1,0,"asian",-1
2017-11-01,-0.1,0,"hispanic",0.466666666666667
2017-12-01,-0.03,0,"black",3.1
2017-12-01,-0.03,0,"white",-0.733333333333334
2017-12-01,-0.03,0,"asian",-1.26666666666667
2017-12-01,-0.03,0,"hispanic",0.566666666666666
2018-01-01,0,0,"black",3.13333333333333
2018-01-01,0,0,"white",-0.466666666666666
2018-01-01,0,0,"asian",-1.23333333333333
2018-01-01,0,0,"hispanic",1.03333333333333
2018-02-01,0,0,"black",2.93333333333333
2018-02-01,0,0,"white",-0.233333333333333
2018-02-01,0,0,"asian",-1.23333333333333
2018-02-01,0,0,"hispanic",1.26666666666667
2018-03-01,0,0,"black",2.96666666666667
2018-03-01,0,0,"white",-0.2
2018-03-01,0,0,"asian",-1.03333333333333
2018-03-01,0,0,"hispanic",1.4
2018-04-01,-0.07,0,"black",2.6
2018-04-01,-0.07,0,"white",-0.4
2018-04-01,-0.07,0,"asian",-1.03333333333333
2018-04-01,-0.07,0,"hispanic",0.9
2018-05-01,-0.1,0,"black",2.4
2018-05-01,-0.1,0,"white",-0.566666666666666
2018-05-01,-0.1,0,"asian",-1.2
2018-05-01,-0.1,0,"hispanic",0.700000000000001
2018-06-01,-0.03,0,"black",2.3
2018-06-01,-0.03,0,"white",-0.533333333333333
2018-06-01,-0.03,0,"asian",-1.16666666666667
2018-06-01,-0.03,0,"hispanic",0.5
2018-07-01,0,0,"black",2.4
2018-07-01,0,0,"white",-0.366666666666667
2018-07-01,0,0,"asian",-1.06666666666667
2018-07-01,0,0,"hispanic",0.666666666666667
2018-08-01,0.03,0,"black",2.53333333333333
2018-08-01,0.03,0,"white",-0.266666666666667
2018-08-01,0.03,0,"asian",-0.833333333333333
2018-08-01,0.03,0,"hispanic",0.766666666666666
2018-09-01,-0.07,0,"black",2.53333333333333
2018-09-01,-0.07,0,"white",-0.366666666666667
2018-09-01,-0.07,0,"asian",-0.633333333333333
2018-09-01,-0.07,0,"hispanic",0.766666666666667
2018-10-01,-0.07,0,"black",2.53333333333333
2018-10-01,-0.07,0,"white",-0.533333333333333
2018-10-01,-0.07,0,"asian",-0.6
2018-10-01,-0.07,0,"hispanic",0.6
2018-11-01,-0.07,0,"black",2.46666666666667
2018-11-01,-0.07,0,"white",-0.666666666666667
2018-11-01,-0.07,0,"asian",-0.633333333333333
2018-11-01,-0.07,0,"hispanic",0.5
2018-12-01,0.07,0,"black",2.63333333333333
2018-12-01,0.07,0,"white",-0.6
2018-12-01,0.07,0,"asian",-0.7
2018-12-01,0.07,0,"hispanic",0.5
2019-01-01,0.13,0,"black",2.8
2019-01-01,0.13,0,"white",-0.3
2019-01-01,0.13,0,"asian",-0.733333333333333
2019-01-01,0.13,0,"hispanic",1
2019-02-01,0.17,0,"black",3.16666666666667
2019-02-01,0.17,0,"white",-0.166666666666667
2019-02-01,0.17,0,"asian",-0.6
2019-02-01,0.17,0,"hispanic",1.13333333333333
2019-03-01,0.13,0,"black",3.2
2019-03-01,0.13,0,"white",-0.1
2019-03-01,0.13,0,"asian",-0.7
2019-03-01,0.13,0,"hispanic",1.33333333333333
2019-04-01,0,0,"black",3.1
2019-04-01,0,0,"white",-0.466666666666667
2019-04-01,0,0,"asian",-0.933333333333333
2019-04-01,0,0,"hispanic",0.7
2019-05-01,-0.07,0,"black",2.8
2019-05-01,-0.07,0,"white",-0.566666666666667
2019-05-01,-0.07,0,"asian",-1.06666666666667
2019-05-01,-0.07,0,"hispanic",0.4
2019-06-01,-0.03,0,"black",2.56666666666667
2019-06-01,-0.03,0,"white",-0.5
2019-06-01,-0.03,0,"asian",-1.33333333333333
2019-06-01,-0.03,0,"hispanic",0.3
2019-07-01,0.03,0,"black",2.23333333333333
2019-07-01,0.03,0,"white",-0.266666666666667
2019-07-01,0.03,0,"asian",-1.16666666666667
2019-07-01,0.03,0,"hispanic",0.633333333333333
2019-08-01,0.07,0,"black",1.96666666666667
2019-08-01,0.07,0,"white",-0.1
2019-08-01,0.07,0,"asian",-1.1
2019-08-01,0.07,0,"hispanic",0.8
2019-09-01,0,0,"black",1.83333333333333
2019-09-01,0,0,"white",-0.2
2019-09-01,0,0,"asian",-0.9
2019-09-01,0,0,"hispanic",0.566666666666667
2019-10-01,-0.03,0,"black",1.8
2019-10-01,-0.03,0,"white",-0.366666666666667
2019-10-01,-0.03,0,"asian",-0.833333333333333
2019-10-01,-0.03,0,"hispanic",0.3
2019-11-01,-0.07,0,"black",1.86666666666667
2019-11-01,-0.07,0,"white",-0.533333333333334
2019-11-01,-0.07,0,"asian",-0.9
2019-11-01,-0.07,0,"hispanic",0.266666666666666
2019-12-01,0,0,"black",2.1
2019-12-01,0,0,"white",-0.566666666666667
2019-12-01,0,0,"asian",-0.866666666666667
2019-12-01,0,0,"hispanic",0.433333333333333
2020-01-01,0,0,"black",2.4
2020-01-01,0,0,"white",-0.4
2020-01-01,0,0,"asian",-0.833333333333333
2020-01-01,0,0,"hispanic",0.866666666666666
2020-02-01,0,0,"black",2.6
2020-02-01,0,0,"white",-0.266666666666667
2020-02-01,0,0,"asian",-0.866666666666667
2020-02-01,0,0,"hispanic",1.1
2020-03-01,0.3,1,"black",2.93333333333333
2020-03-01,0.3,1,"white",0.0999999999999996
2020-03-01,0.3,1,"asian",-0.366666666666667
2020-03-01,0.3,1,"hispanic",1.83333333333333
2020-04-01,4,1,"black",6.43333333333333
2020-04-01,4,1,"white",3.53333333333333
2020-04-01,4,1,"asian",3.46666666666667
2020-04-01,4,1,"hispanic",6.3
2020-05-01,7.27,0,"black",10
2020-05-01,7.27,0,"white",6.43333333333333
2020-05-01,7.27,0,"asian",7.63333333333333
2020-05-01,7.27,0,"hispanic",10.4333333333333
2020-06-01,9.5,0,"black",12.7666666666667
2020-06-01,9.5,0,"white",8.46666666666667
2020-06-01,9.5,0,"asian",10.8
2020-06-01,9.5,0,"hispanic",13.1666666666667
2020-07-01,8,0,"black",11.9
2020-07-01,8,0,"white",7
2020-07-01,8,0,"asian",9.96666666666667
2020-07-01,8,0,"hispanic",11.3333333333333
2020-08-01,6.37,0,"black",10.5666666666667
2020-08-01,6.37,0,"white",5.46666666666667
2020-08-01,6.37,0,"asian",8.5
2020-08-01,6.37,0,"hispanic",9.1
2020-09-01,5.3,0,"black",9.43333333333333
2020-09-01,5.3,0,"white",4.33333333333333
2020-09-01,5.3,0,"asian",6.93333333333333
2020-09-01,5.3,0,"hispanic",7.6
2020-10-01,4.2,0,"black",8.26666666666667
2020-10-01,4.2,0,"white",3.1
2020-10-01,4.2,0,"asian",5.43333333333333
2020-10-01,4.2,0,"hispanic",6.1
2020-11-01,3.63,0,"black",7.4
2020-11-01,3.63,0,"white",2.5
2020-11-01,3.63,0,"asian",4.13333333333333
2020-11-01,3.63,0,"hispanic",5.36666666666667
2020-12-01,3.23,0,"black",6.73333333333333
2020-12-01,3.23,0,"white",2.2
2020-12-01,3.23,0,"asian",3.16666666666667
2020-12-01,3.23,0,"hispanic",5.1
2021-01-01,3.03,0,"black",6.23333333333333
2021-01-01,3.03,0,"white",2.36666666666667
2021-01-01,3.03,0,"asian",2.86666666666667
2021-01-01,3.03,0,"hispanic",5.4
2021-02-01,2.87,0,"black",5.86666666666667
2021-02-01,2.87,0,"white",2.16666666666667
2021-02-01,2.87,0,"asian",2.06666666666667
2021-02-01,2.87,0,"hispanic",5.36666666666667
2021-03-01,2.33,0,"black",3.46666666666667
2021-03-01,2.33,0,"white",-0.366666666666666
2021-03-01,2.33,0,"asian",-0.366666666666667
2021-03-01,2.33,0,"hispanic",2.63333333333333
2021-04-01,-0.07,0,"black",3.86666666666667
2021-04-01,-0.07,0,"white",-0.666666666666666
2021-04-01,-0.07,0,"asian",-0.566666666666666
2021-04-01,-0.07,0,"hispanic",2.1
2021-05-01,-0.13,0,"black",3.73333333333333
2021-05-01,-0.13,0,"white",-0.9
2021-05-01,-0.13,0,"asian",-0.233333333333333
2021-05-01,-0.13,0,"hispanic",1.5
2021-06-01,-0.03,0,"black",3.53333333333333
2021-06-01,-0.03,0,"white",-0.866666666666667
2021-06-01,-0.03,0,"asian",-0.266666666666667
2021-06-01,-0.03,0,"hispanic",1.26666666666667
2021-07-01,-0.23,0,"black",3.06666666666667
2021-07-01,-0.23,0,"white",-0.633333333333334
2021-07-01,-0.23,0,"asian",-0.166666666666667
2021-07-01,-0.23,0,"hispanic",1.2
2021-08-01,-0.2,0,"black",3.13333333333333
2021-08-01,-0.2,0,"white",-0.466666666666667
2021-08-01,-0.2,0,"asian",-0.333333333333334
2021-08-01,-0.2,0,"hispanic",1.23333333333333
2021-09-01,-0.37,0,"black",3.06666666666667
2021-09-01,-0.37,0,"white",-0.533333333333333
2021-09-01,-0.37,0,"asian",-0.399999999999999
2021-09-01,-0.37,0,"hispanic",1.2
2021-10-01,-0.27,0,"black",3.2
2021-10-01,-0.27,0,"white",-0.7
2021-10-01,-0.27,0,"asian",-0.466666666666667
2021-10-01,-0.27,0,"hispanic",1.06666666666667
2021-11-01,-0.33,0,"black",2.8
2021-11-01,-0.33,0,"white",-0.766666666666667
2021-11-01,-0.33,0,"asian",-0.366666666666667
2021-11-01,-0.33,0,"hispanic",0.933333333333333
2021-12-01,-0.27,0,"black",2.8
2021-12-01,-0.27,0,"white",-0.799999999999999
2021-12-01,-0.27,0,"asian",-0.233333333333333
2021-12-01,-0.27,0,"hispanic",0.733333333333333
2022-01-01,-0.2,0,"black",2.76666666666667
2022-01-01,-0.2,0,"white",-0.533333333333333
2022-01-01,-0.2,0,"asian",-0.266666666666667
2022-01-01,-0.2,0,"hispanic",0.966666666666667
2022-02-01,-0.13,0,"black",2.93333333333333
2022-02-01,-0.13,0,"white",-0.333333333333333
2022-02-01,-0.13,0,"asian",-0.466666666666667
2022-02-01,-0.13,0,"hispanic",1.06666666666667
2022-03-01,-0.1,0,"black",2.86666666666667
2022-03-01,-0.1,0,"white",-0.166666666666667
2022-03-01,-0.1,0,"asian",-0.733333333333333
2022-03-01,-0.1,0,"hispanic",1.1
2022-04-01,-0.13,0,"black",2.66666666666667
2022-04-01,-0.13,0,"white",-0.4
2022-04-01,-0.13,0,"asian",-0.833333333333333
2022-04-01,-0.13,0,"hispanic",0.633333333333333
2022-05-01,-0.07,0,"black",2.6
2022-05-01,-0.07,0,"white",-0.566666666666667
2022-05-01,-0.07,0,"asian",-0.933333333333333
2022-05-01,-0.07,0,"hispanic",0.433333333333333
2022-06-01,0,0,"black",2.4
2022-06-01,0,0,"white",-0.5
2022-06-01,0,0,"asian",-0.866666666666667
2022-06-01,0,0,"hispanic",0.433333333333333
2022-07-01,-0.03,0,"black",2.4
2022-07-01,-0.03,0,"white",-0.3
2022-07-01,-0.03,0,"asian",-0.9
2022-07-01,-0.03,0,"hispanic",0.633333333333333
2022-08-01,0.03,0,"black",2.46666666666667
2022-08-01,0.03,0,"white",-0.2
2022-08-01,0.03,0,"asian",-0.766666666666667
2022-08-01,0.03,0,"hispanic",0.833333333333333
2022-09-01,0,0,"black",2.5
2022-09-01,0,0,"white",-0.366666666666667
2022-09-01,0,0,"asian",-0.866666666666667
2022-09-01,0,0,"hispanic",0.633333333333334
2022-10-01,0.07,0,"black",2.46666666666667
2022-10-01,0.07,0,"white",-0.466666666666667
2022-10-01,0.07,0,"asian",-0.766666666666667
2022-10-01,0.07,0,"hispanic",0.533333333333333
2022-11-01,0.07,0,"black",2.2
2022-11-01,0.07,0,"white",-0.566666666666666
2022-11-01,0.07,0,"asian",-0.833333333333333
2022-11-01,0.07,0,"hispanic",0.233333333333333
2022-12-01,0.03,0,"black",2.16666666666667
2022-12-01,0.03,0,"white",-0.566666666666666
2022-12-01,0.03,0,"asian",-0.866666666666667
2022-12-01,0.03,0,"hispanic",0.366666666666667
2023-01-01,-0.07,0,"black",2.06666666666667
2023-01-01,-0.07,0,"white",-0.366666666666667
2023-01-01,-0.07,0,"asian",-0.866666666666667
2023-01-01,-0.07,0,"hispanic",0.933333333333334
2023-02-01,0,0,"black",2.1
2023-02-01,0,0,"white",-0.2
2023-02-01,0,0,"asian",-0.6
2023-02-01,0,0,"hispanic",1.66666666666667
2023-03-01,0,0,"black",1.9
2023-03-01,0,0,"white",-0.0333333333333332
2023-03-01,0,0,"asian",-0.466666666666667
2023-03-01,0,0,"hispanic",1.93333333333333
2023-04-01,0,0,"black",1.7
2023-04-01,0,0,"white",-0.266666666666667
2023-04-01,0,0,"asian",-0.5
2023-04-01,0,0,"hispanic",1.43333333333333
2023-05-01,0.03,0,"black",1.7
2023-05-01,0.03,0,"white",-0.433333333333334
2023-05-01,0.03,0,"asian",-0.633333333333333
2023-05-01,0.03,0,"hispanic",0.666666666666667
2023-06-01,0.07,0,"black",2
2023-06-01,0.07,0,"white",-0.466666666666667
2023-06-01,0.07,0,"asian",-0.533333333333333
2023-06-01,0.07,0,"hispanic",0.466666666666667
2023-07-01,0.1,0,"black",2.3
2023-07-01,0.1,0,"white",-0.3
2023-07-01,0.1,0,"asian",-0.7
2023-07-01,0.1,0,"hispanic",0.633333333333333
2023-08-01,0.13,0,"black",2.16666666666667
2023-08-01,0.13,0,"white",-0.1
2023-08-01,0.13,0,"asian",-0.633333333333333
2023-08-01,0.13,0,"hispanic",1.06666666666667
2023-09-01,0.2,0,"black",2.06666666666667
2023-09-01,0.2,0,"white",-0.1
2023-09-01,0.2,0,"asian",-0.7
2023-09-01,0.2,0,"hispanic",1.06666666666667
2023-10-01,0.33,0,"black",2.1
2023-10-01,0.33,0,"white",-0.133333333333333
2023-10-01,0.33,0,"asian",-0.433333333333333
2023-10-01,0.33,0,"hispanic",1.06666666666667
2023-11-01,0.3,0,"black",2.26666666666667
2023-11-01,0.3,0,"white",-0.333333333333333
2023-11-01,0.3,0,"asian",-0.333333333333333
2023-11-01,0.3,0,"hispanic",0.866666666666666
2023-12-01,0.23,0,"black",2.1
2023-12-01,0.23,0,"white",-0.333333333333333
2023-12-01,0.23,0,"asian",-0.266666666666667
2023-12-01,0.23,0,"hispanic",1.06666666666667
2024-01-01,0.2,0,"black",1.93333333333333
2024-01-01,0.2,0,"white",-0.133333333333333
2024-01-01,0.2,0,"asian",-0.333333333333333
2024-01-01,0.2,0,"hispanic",1.5
2024-02-01,0.27,0,"black",1.86666666666667
2024-02-01,0.27,0,"white",0.133333333333333
2024-02-01,0.27,0,"asian",-0.366666666666667
2024-02-01,0.27,0,"hispanic",1.9
2024-03-01,0.3,0,"black",2.26666666666667
2024-03-01,0.3,0,"white",0.2
2024-03-01,0.3,0,"asian",-0.566666666666667
2024-03-01,0.3,0,"hispanic",1.83333333333333
2024-04-01,0.37,0,"black",2.33333333333333
2024-04-01,0.37,0,"white",-0.0333333333333332
2024-04-01,0.37,0,"asian",-0.633333333333333
2024-04-01,0.37,0,"hispanic",1.36666666666667
2024-05-01,0.37,0,"black",2.46666666666667
2024-05-01,0.37,0,"white",-0.233333333333333
2024-05-01,0.37,0,"asian",-0.766666666666667
2024-05-01,0.37,0,"hispanic",1.03333333333333
2024-06-01,0.43,0,"black",2.4
2024-06-01,0.43,0,"white",-0.2
2024-06-01,0.43,0,"asian",-0.266666666666667
2024-06-01,0.43,0,"hispanic",1.06666666666667
2024-07-01,0.53,0,"black",2.6
2024-07-01,0.53,0,"white",0.0333333333333332
2024-07-01,0.53,0,"asian",0
2024-07-01,0.53,0,"hispanic",1.36666666666667
2024-08-01,0.57,0,"black",2.53333333333333
2024-08-01,0.57,0,"white",0.2
2024-08-01,0.57,0,"asian",0.266666666666667
2024-08-01,0.57,0,"hispanic",1.63333333333333
2024-09-01,0.5,0,"black",2.33333333333333
2024-09-01,0.5,0,"white",0.133333333333333
2024-09-01,0.5,0,"asian",0.266666666666666
2024-09-01,0.5,0,"hispanic",1.6
2024-10-01,0.43,0,"black",2.13333333333333
2024-10-01,0.43,0,"white",-0.0333333333333337
2024-10-01,0.43,0,"asian",0.333333333333333
2024-10-01,0.43,0,"hispanic",1.36666666666667